source_url,destination_url,anchor_text,link_location,reason,existing_or_added
"/10-electrical-safety-tips-when-installing-or-maintaining-a-split-system-air-conditioner/","/electrical-safety-in-property-maintenance/","electrical safety","in-content","migrated from WordPress","existing"
"/10-electrical-safety-tips-when-installing-or-maintaining-a-split-system-air-conditioner/","/understanding-circuit-breakers-types-and-functions/","circuit breaker","in-content","migrated from WordPress","existing"
"/a-closer-look-at-the-best-klein-tool-bags-on-the-market/","/maximize-efficiency-with-ideal-electrical-tools/","maximizing efficiency","in-content","migrated from WordPress","existing"
"/a-comprehensive-review-of-service-wire-companys-product-line/","/how-to-connect-wires-correctly-to-each-other-7-time-tested-methods/","How to Connect Wires Correctly","in-content","migrated from WordPress","existing"
"/aluminum-vs-copper-wiring-differences/","/how-to-calculate-wire-cross-section/","how to calculate wire cross-section","in-content","migrated from WordPress","existing"
"/aluminum-vs-copper-wiring-differences/","/why-does-the-socket-spark-7-reasons-for-sparking/","sparking sockets","in-content","migrated from WordPress","existing"
"/aluminum-vs-copper-wiring-differences/","/hs-classification-of-electrical-cables-what-you-need-to-know/","guide to electrical cable classification","in-content","migrated from WordPress","existing"
"/customer-reviews-and-experiences-with-summit-electric-supply/","/the-benefits-of-choosing-gordon-electric-supply-for-your-projects/","Gordon Electric Supply","in-content","migrated from WordPress","existing"
"/customer-reviews-real-experiences-with-semper-solaris/","/the-benefits-of-working-with-a-professional-solar-panel-electrician/","professional solar panel electrician","in-content","migrated from WordPress","existing"
"/difavtomat-or-uzo-rcd-device-connecting-the-differential/","/understanding-circuit-breakers-types-and-functions/","circuit breaker","in-content","migrated from WordPress","existing"
"/dmx-lighting-solutions-a-perfect-fit-for-car-washes/","/exploring-kim-lighting-key-advantages-and-solutions-for-modern-illumination/","lighting","in-content","migrated from WordPress","existing"
"/earthing-systems-explained-tn-tt-it/","/a-comprehensive-guide-to-installing-protective-grounding/","installing protective grounding","in-content","migrated from WordPress","existing"
"/earthing-systems-explained-tn-tt-it/","/do-it-yourself-grounding-device-in-a-private-house/","grounding electrodes for private houses","in-content","migrated from WordPress","existing"
"/earthing-systems-explained-tn-tt-it/","/understanding-circuit-breakers-types-and-functions/","circuit breaker","in-content","migrated from WordPress","existing"
"/earthing-systems-explained-tn-tt-it/","/review-of-pue-standards-for-grounding-loop/","grounding loop","in-content","migrated from WordPress","existing"
"/earthing-systems-explained-tn-tt-it/","/rcd-vs-rcbo-vs-gfci-differences/","RCD, RCBO and GFCI protection","in-content","migrated from WordPress","existing"
"/electrical-wire-colors-us-uk-eu-compared/","/why-is-wire-color-coding-used/","why wire color coding is used","in-content","migrated from WordPress","existing"
"/electrical-wire-colors-us-uk-eu-compared/","/how-to-connect-wires-correctly-to-each-other-7-time-tested-methods/","connecting wires correctly","in-content","migrated from WordPress","existing"
"/electrifying-transformation-a-case-study-in-modernizing-the-skelly-build-tarrytown-home/","/understanding-circuit-breakers-types-and-functions/","circuit breaker","in-content","migrated from WordPress","existing"
"/ensuring-safety-and-performance-a-guide-to-genuine-cable-selection/","/terminal-blocks-for-connecting-wires-their-types-and-scope-of-application/","Terminal Blocks for Connecting Wires","in-content","migrated from WordPress","existing"
"/essential-tools-for-apprentice-electricians/","/how-to-connect-wires-correctly-to-each-other-7-time-tested-methods/","connecting wires correctly","in-content","migrated from WordPress","existing"
"/essential-tools-for-apprentice-electricians/","/a-closer-look-at-the-best-klein-tool-bags-on-the-market/","Klein's tool bag range","in-content","migrated from WordPress","existing"
"/exploring-kim-lighting-key-advantages-and-solutions-for-modern-illumination/","/interlux-lighting-brightening-your-home-with-style-and-efficiency/","Click For More.","in-content","migrated from WordPress","existing"
"/exploring-the-best-options-for-world-electric-supply/","/why-is-wire-color-coding-used/","Why Is Wire Color Coding Used?","in-content","migrated from WordPress","existing"
"/exploring-the-technology-behind-american-power-systems/","/electric-power-challenges-and-solutions-in-border-states/","Electric Power Challenges","in-content","migrated from WordPress","existing"
"/extension-cord-safety-guide/","/why-does-the-socket-spark-7-reasons-for-sparking/","sparking at the socket","in-content","migrated from WordPress","existing"
"/extension-cord-safety-guide/","/rcd-vs-rcbo-vs-gfci-differences/","RCDs and GFCIs","in-content","migrated from WordPress","existing"
"/extension-cord-safety-guide/","/why-circuit-breaker-keeps-tripping/","breaker that keeps tripping","in-content","migrated from WordPress","existing"
"/hamro-solar-llc/","/why-choosing-the-right-electrician-is-crucial-for-a-safe-and-efficient-solar-panel-installation/","solar panel installation","in-content","migrated from WordPress","existing"
"/home-electrical-safety-a-essential-checklist-for-homeowners/","/how-to-connect-a-home-electricity-meter/","Electrical Safety Checklist for Homeowners","in-content","migrated from WordPress","existing"
"/home-electrical-safety-checklist/","/why-circuit-breaker-keeps-tripping/","why breakers keep tripping","in-content","migrated from WordPress","existing"
"/home-electrical-safety-checklist/","/why-does-the-socket-spark-7-reasons-for-sparking/","the seven reasons sockets spark","in-content","migrated from WordPress","existing"
"/home-electrical-safety-checklist/","/led-lights-flickering-causes-fixes/","why LEDs flicker","in-content","migrated from WordPress","existing"
"/home-electrical-safety-checklist/","/extension-cord-safety-guide/","extension cord safety guide","in-content","migrated from WordPress","existing"
"/home-electrical-safety-checklist/","/rcd-vs-rcbo-vs-gfci-differences/","Start here","in-content","migrated from WordPress","existing"
"/how-geelong-electricians-are-adapting-to-sustainable-and-green-energy-solutions/","/the-lifespan-of-solar-panels-how-long-do-they-last/","solar panels","in-content","migrated from WordPress","existing"
"/how-pcb-assembly-drives-efficiency-in-industrial-automation/","/what-is-a-differential-machine-used-for/","machine","in-content","migrated from WordPress","existing"
"/how-technological-advances-are-revolutionizing-the-electrical-industry/","/exploring-the-best-options-for-world-electric-supply/","World Electric Supply","in-content","migrated from WordPress","existing"
"/how-to-choose-and-implement-sea-wire-for-optimal-performance/","/the-benefits-of-choosing-gordon-electric-supply-for-your-projects/","Click For More","in-content","migrated from WordPress","existing"
"/how-to-connect-a-home-electricity-meter/","/understanding-circuit-breakers-types-and-functions/","circuit breaker","in-content","migrated from WordPress","existing"
"/how-to-market-your-electrical-service-business-effectively/","/maximize-efficiency-with-ideal-electrical-tools/","Maximizing efficiency","in-content","migrated from WordPress","existing"
"/how-to-read-your-electricity-meter/","/comparison-of-three-best-smart-meters-of-2023/","smart meter comparison","in-content","migrated from WordPress","existing"
"/how-to-read-your-electricity-meter/","/how-to-connect-a-home-electricity-meter/","home electricity meter connection","in-content","migrated from WordPress","existing"
"/innovative-electrical-solutions-by-all-phase-electric/","/how-technological-advances-are-revolutionizing-the-electrical-industry/","electrical industry","in-content","migrated from WordPress","existing"
"/innovative-electrical-solutions-by-all-phase-electric/","/exploring-the-best-options-for-world-electric-supply/","Best Options for World Electric Supply","in-content","migrated from WordPress","existing"
"/installation-tips-for-light-pole-base-anchor-bolts/","/interlux-lighting-brightening-your-home-with-style-and-efficiency/","Interlux Lighting","in-content","migrated from WordPress","existing"
"/interlux-lighting-brightening-your-home-with-style-and-efficiency/","/the-benefits-of-upgrading-to-above-all-lighting-systems/","Above All Lighting","in-content","migrated from WordPress","existing"
"/key-considerations-when-choosing-pcb-fabrication-manufacturer-for-your-project/","/advanced-materials-in-pcb-manufacturing/","PCB manufacturing","in-content","migrated from WordPress","existing"
"/led-lights-flickering-causes-fixes/","/refinement-of-led-lamp-circuits/","LED lamp circuits","in-content","migrated from WordPress","existing"
"/led-lights-flickering-causes-fixes/","/why-does-the-socket-spark-7-reasons-for-sparking/","sparking sockets","in-content","migrated from WordPress","existing"
"/led-lights-flickering-causes-fixes/","/why-circuit-breaker-keeps-tripping/","breaker that keeps tripping","in-content","migrated from WordPress","existing"
"/led-lights-flickering-causes-fixes/","/led-rain-garland-types-and-installation-features/","LED garland installation","in-content","migrated from WordPress","existing"
"/licensed-electricians-for-renovation-safety/","/","licensed electrician","in-content","migrated from WordPress","existing"
"/mc-cable-a-practical-guide-to-its-features-and-installation/","/why-omnicable-is-the-preferred-choice-for-reliable-connectivity/","Omnicable","in-content","migrated from WordPress","existing"
"/planning-the-electrical-wiring-of-a-country-house/","/understanding-circuit-breakers-types-and-functions/","circuit breaker","in-content","migrated from WordPress","existing"
"/rcd-vs-rcbo-vs-gfci-differences/","/difavtomat-or-uzo-rcd-device-connecting-the-differential/","connecting an RCD or difavtomat","in-content","migrated from WordPress","existing"
"/rcd-vs-rcbo-vs-gfci-differences/","/understanding-circuit-breakers-types-and-functions/","our overview of circuit breaker types and functions","in-content","migrated from WordPress","existing"
"/the-benefits-of-choosing-gordon-electric-supply-for-your-projects/","/how-technological-advances-are-revolutionizing-the-electrical-industry/","electrical industry","in-content","migrated from WordPress","existing"
"/the-benefits-of-choosing-gordon-electric-supply-for-your-projects/","/the-role-of-independent-electric-supply-in-sustainable-energy-practices/","Independent electric supply","in-content","migrated from WordPress","existing"
"/the-benefits-of-upgrading-to-above-all-lighting-systems/","/energy-saving-lamp-do-it-yourself-repair/","energy-saving lamp","in-content","migrated from WordPress","existing"
"/the-benefits-of-working-with-a-professional-solar-panel-electrician/","/why-choose-adt-solar-a-comprehensive-guide/","ADT Solar","in-content","migrated from WordPress","existing"
"/the-lifespan-of-solar-panels-how-long-do-they-last/","/why-choosing-the-right-electrician-is-crucial-for-a-safe-and-efficient-solar-panel-installation/","solar panel installation","in-content","migrated from WordPress","existing"
"/the-role-of-independent-electric-supply-in-sustainable-energy-practices/","/innovative-electrical-solutions-by-all-phase-electric/","All Phase Electric","in-content","migrated from WordPress","existing"
"/the-role-of-independent-electric-supply-in-sustainable-energy-practices/","/exploring-the-best-options-for-world-electric-supply/","exploring the best options for world electric supply","in-content","migrated from WordPress","existing"
"/the-role-of-semiconductors-in-modern-electrical-systems-innovations-and-trends/","/","Electrician Times","in-content","migrated from WordPress","existing"
"/ul-certification-the-complete-guide-on-the-ul-labels/","/category/electrical/","electrical","in-content","migrated from WordPress","existing"
"/ul-certification-the-complete-guide-on-the-ul-labels/","/key-considerations-when-choosing-pcb-fabrication-manufacturer-for-your-project/","For manufacturers","in-content","migrated from WordPress","existing"
"/what-is-a-differential-machine-used-for/","/understanding-circuit-breakers-types-and-functions/","circuit breaker","in-content","migrated from WordPress","existing"
"/why-choose-hooked-up-electric-for-your-electrical-contractor-need/","/the-benefits-of-working-with-a-professional-solar-panel-electrician/","electrician","in-content","migrated from WordPress","existing"
"/why-choosing-the-right-electrician-is-crucial-for-a-safe-and-efficient-solar-panel-installation/","/hamro-solar-llc/","Solar panel installation","in-content","migrated from WordPress","existing"
"/why-circuit-breaker-keeps-tripping/","/understanding-circuit-breakers-types-and-functions/","circuit breaker types and functions","in-content","migrated from WordPress","existing"
"/why-circuit-breaker-keeps-tripping/","/rcd-vs-rcbo-vs-gfci-differences/","RCDs, RCBOs and GFCIs","in-content","migrated from WordPress","existing"
"/why-circuit-breaker-keeps-tripping/","/why-does-the-socket-spark-7-reasons-for-sparking/","sparking sockets","in-content","migrated from WordPress","existing"
"/why-does-the-socket-spark-7-reasons-for-sparking/","/understanding-circuit-breakers-types-and-functions/","circuit breaker","in-content","migrated from WordPress","existing"
"/why-omnicable-is-the-preferred-choice-for-reliable-connectivity/","/ensuring-safety-and-performance-a-guide-to-genuine-cable-selection/","safety and performance","in-content","migrated from WordPress","existing"
"/why-your-oven-isnt-heating-properly-what-to-do/","/understanding-circuit-breakers-types-and-functions/","circuit breaker","in-content","migrated from WordPress","existing"