url,title,issue,mitigation
"/10-electrical-safety-tips-when-installing-or-maintaining-a-split-system-air-conditioner/","10 Electrical Safety Tips When Installing or Maintaining a Split System Air Conditioner","no inbound in-content links","reachable via category archive, related-posts, prev/next and HTML sitemap; flagged for future editorial linking"
"/10-interesting-facts-about-mary-joan-martelly-you-didnt-know/","10 Interesting Facts About Mary Joan Martelly You Didn’t Know","no inbound in-content links","reachable via category archive, related-posts, prev/next and HTML sitemap; flagged for future editorial linking"
"/a-beginners-guide-to-using-muchotorrents-safely/","A Beginner’s Guide to Using MuchoTorrents Safely","no inbound in-content links","reachable via category archive, related-posts, prev/next and HTML sitemap; flagged for future editorial linking"
"/a-closer-look-at-wave-electronics-houston-and-their-top-offerings/","A Closer Look at Wave Electronics Houston and Their Top Offerings","no inbound in-content links","reachable via category archive, related-posts, prev/next and HTML sitemap; flagged for future editorial linking"
"/a-comprehensive-review-of-service-wire-companys-product-line/","A Comprehensive Review of Service Wire Company's Product Line","no inbound in-content links","reachable via category archive, related-posts, prev/next and HTML sitemap; flagged for future editorial linking"
"/a-step-by-step-guide-to-getting-started-with-vy6ys/","A Step-by-Step Guide to Getting Started with Vy6ys","no inbound in-content links","reachable via category archive, related-posts, prev/next and HTML sitemap; flagged for future editorial linking"
"/advancing-photovoltaics-defect-characterization-to-new-frontiers-using-ebic-techniques/","Advancing Photovoltaics Defect Characterization to New Frontiers Using EBIC Techniques","no inbound in-content links","reachable via category archive, related-posts, prev/next and HTML sitemap; flagged for future editorial linking"
"/aluminum-vs-copper-wiring-differences/","Aluminum vs Copper Wiring: Differences, Risks and Where Each Is Used","no inbound in-content links","reachable via category archive, related-posts, prev/next and HTML sitemap; flagged for future editorial linking"
"/ams39k/","Unveiling the Influence of AMS39K on Modern Technology","no inbound in-content links","reachable via category archive, related-posts, prev/next and HTML sitemap; flagged for future editorial linking"
"/an-overview-of-data-architecture/","An Overview Of Data Architecture","no inbound in-content links","reachable via category archive, related-posts, prev/next and HTML sitemap; flagged for future editorial linking"
"/andrigolitis/","Understanding the Causes, Symptoms, and Treatment of Andrigolitis","no inbound in-content links","reachable via category archive, related-posts, prev/next and HTML sitemap; flagged for future editorial linking"
"/appfordown/","Why Appfordown is the Best Platform for All Your App Needs","no inbound in-content links","reachable via category archive, related-posts, prev/next and HTML sitemap; flagged for future editorial linking"
"/ar-clothes-interactive-designs-and-prints/","AR Clothes Interactive Designs and Prints","no inbound in-content links","reachable via category archive, related-posts, prev/next and HTML sitemap; flagged for future editorial linking"
"/atlantic-business-brokers-helping-you-navigate-smooth-business-transactions/","Atlantic Business Brokers Helping You Navigate Smooth Business Transactions","no inbound in-content links","reachable via category archive, related-posts, prev/next and HTML sitemap; flagged for future editorial linking"
"/bebasinindo-celebrates-freedom-and-innovation-in-indonesia/","Bebasinindo Celebrates Freedom and Innovation in Indonesia","no inbound in-content links","reachable via category archive, related-posts, prev/next and HTML sitemap; flagged for future editorial linking"
"/beholderen-unveiling-the-mystery-behind-the-name/","Beholderen: Unveiling the Mystery Behind the Name","no inbound in-content links","reachable via category archive, related-posts, prev/next and HTML sitemap; flagged for future editorial linking"
"/blackboarduct/","Everything You Need to Know About Blackboarduct and Its Uses","no inbound in-content links","reachable via category archive, related-posts, prev/next and HTML sitemap; flagged for future editorial linking"
"/bldc-motor-controllers-key-design-principles-and-challenges/","BLDC Motor Controllers: Key Design Principles and Challenges","no inbound in-content links","reachable via category archive, related-posts, prev/next and HTML sitemap; flagged for future editorial linking"
"/bring-your-photos-and-artworks-to-life-with-stories-ar/","Bring Your Photos and Artworks to Life with Stories AR","no inbound in-content links","reachable via category archive, related-posts, prev/next and HTML sitemap; flagged for future editorial linking"
"/certidor/","How Certidor Can Help You Boost Your Professional Profile","no inbound in-content links","reachable via category archive, related-posts, prev/next and HTML sitemap; flagged for future editorial linking"
"/chagaras/","Understanding Chagaras – Symptoms, Causes and Treatments","no inbound in-content links","reachable via category archive, related-posts, prev/next and HTML sitemap; flagged for future editorial linking"
"/chelsea-actons-famous-parenting-techniques-explained/","Chelsea Acton’s Famous Parenting Techniques Explained","no inbound in-content links","reachable via category archive, related-posts, prev/next and HTML sitemap; flagged for future editorial linking"
"/choosing-the-right-quick-turn-pcb-assembly-partner-factors-to-consider-for-your-project/","Choosing the Right Quick Turn PCB Assembly Partner: Factors to Consider for Your Project","no inbound in-content links","reachable via category archive, related-posts, prev/next and HTML sitemap; flagged for future editorial linking"
"/clickbaitosaurus/","Clickbaitosaurus – Impact of Clickbait in Modern Media","no inbound in-content links","reachable via category archive, related-posts, prev/next and HTML sitemap; flagged for future editorial linking"
"/commercial-electricians-and-retail-fit-outs-what-really-matters/","Commercial Electricians and Retail Fit-Outs: What Really Matters","no inbound in-content links","reachable via category archive, related-posts, prev/next and HTML sitemap; flagged for future editorial linking"
"/comprehensive-auto-repair-and-fire-protection-solutions/","Comprehensive Auto Repair and Fire Protection Solutions","no inbound in-content links","reachable via category archive, related-posts, prev/next and HTML sitemap; flagged for future editorial linking"
"/corma-ai-ashees/","Corma AI Ashees Leading the Way in the Future of AI Technology","no inbound in-content links","reachable via category archive, related-posts, prev/next and HTML sitemap; flagged for future editorial linking"
"/cubvh-a-transformative-concept-shaping-modern-possibilities/","Cubvh: A Transformative Concept Shaping Modern Possibilities","no inbound in-content links","reachable via category archive, related-posts, prev/next and HTML sitemap; flagged for future editorial linking"
"/customer-reviews-and-experiences-with-summit-electric-supply/","Customer Reviews and Experiences with Summit Electric Supply","no inbound in-content links","reachable via category archive, related-posts, prev/next and HTML sitemap; flagged for future editorial linking"
"/customer-reviews-real-experiences-with-semper-solaris/","Customer Reviews Real Experiences with Semper Solaris","no inbound in-content links","reachable via category archive, related-posts, prev/next and HTML sitemap; flagged for future editorial linking"
"/cyber-security-services-for-modern-businesses/","Cyber Security Services for Modern Businesses","no inbound in-content links","reachable via category archive, related-posts, prev/next and HTML sitemap; flagged for future editorial linking"
"/dagesteron/","How Dagesteron Can Improve Your Health","no inbound in-content links","reachable via category archive, related-posts, prev/next and HTML sitemap; flagged for future editorial linking"
"/digital-substations-pros-and-cons/","Digital Substations: Pros And Cons","no inbound in-content links","reachable via category archive, related-posts, prev/next and HTML sitemap; flagged for future editorial linking"
"/discovering-figu-the-sweet-jewel-of-nature/","Discovering Figù: The Sweet Jewel of Nature","no inbound in-content links","reachable via category archive, related-posts, prev/next and HTML sitemap; flagged for future editorial linking"
"/discovering-opportunities-at-dallas-spark/","Discovering Opportunities at Dallas Spark","no inbound in-content links","reachable via category archive, related-posts, prev/next and HTML sitemap; flagged for future editorial linking"
"/diy-electric-heated-floor/","DIY Electric Heated Floor","no inbound in-content links","reachable via category archive, related-posts, prev/next and HTML sitemap; flagged for future editorial linking"
"/dmx-lighting-solutions-a-perfect-fit-for-car-washes/","DMX Lighting Solutions: A Perfect Fit for Car Washes","no inbound in-content links","reachable via category archive, related-posts, prev/next and HTML sitemap; flagged for future editorial linking"
"/dzombz-pc-game-trainer/","Your Complete Guide to Using Dzombz PC Game Trainer","no inbound in-content links","reachable via category archive, related-posts, prev/next and HTML sitemap; flagged for future editorial linking"
"/earthing-systems-explained-tn-tt-it/","Earthing Systems Explained: TN, TT and IT Networks","no inbound in-content links","reachable via category archive, related-posts, prev/next and HTML sitemap; flagged for future editorial linking"
"/electrical-wire-colors-us-uk-eu-compared/","Electrical Wire Colors by Country: US, UK and EU Standards Compared","no inbound in-content links","reachable via category archive, related-posts, prev/next and HTML sitemap; flagged for future editorial linking"
"/electrician-newcastle-your-trusted-electrical-expert/","Electrician Newcastle Your Trusted Electrical Expert","no inbound in-content links","reachable via category archive, related-posts, prev/next and HTML sitemap; flagged for future editorial linking"
"/electrician-newcastle-your-trusted-electrical-experts-2/","Electrician Newcastle Your Trusted Electrical Experts","no inbound in-content links","reachable via category archive, related-posts, prev/next and HTML sitemap; flagged for future editorial linking"
"/electrifying-transformation-a-case-study-in-modernizing-the-skelly-build-tarrytown-home/","Electrifying Transformation: A Case Study in Modernizing the Skelly Build Tarrytown Home","no inbound in-content links","reachable via category archive, related-posts, prev/next and HTML sitemap; flagged for future editorial linking"
"/elettronica-di-consumo-italys-leading-online-store-for-consumer-electronics/","Elettronica di Consumo: Italy’s Leading Online Store for Consumer Electronics","no inbound in-content links","reachable via category archive, related-posts, prev/next and HTML sitemap; flagged for future editorial linking"
"/essential-tools-for-apprentice-electricians/","Essential Tools Every Apprentice Electrician Needs","no inbound in-content links","reachable via category archive, related-posts, prev/next and HTML sitemap; flagged for future editorial linking"
"/exploring-coelocaliente-definition-applications-and-benefits/","Exploring Coelocaliente: Definition, Applications, and Benefits","no inbound in-content links","reachable via category archive, related-posts, prev/next and HTML sitemap; flagged for future editorial linking"
"/exploring-the-technology-behind-american-power-systems/","Exploring the Technology Behind American Power Systems","no inbound in-content links","reachable via category archive, related-posts, prev/next and HTML sitemap; flagged for future editorial linking"
"/exploring-the-world-through-albino-monkey-net-travel-archives/","Exploring the World Through albino-monkey.net Travel Archives","no inbound in-content links","reachable via category archive, related-posts, prev/next and HTML sitemap; flagged for future editorial linking"
"/fire-safety-of-electrical-installations-why-is-afdd-ineffective/","Fire safety of electrical installations. Why is AFDD ineffective?","no inbound in-content links","reachable via category archive, related-posts, prev/next and HTML sitemap; flagged for future editorial linking"
"/fpga-vs-asic-understanding-the-differences-and-choosing-the-right-solution/","FPGA vs. ASIC Understanding the Differences and Choosing the Right Solution","no inbound in-content links","reachable via category archive, related-posts, prev/next and HTML sitemap; flagged for future editorial linking"
"/geekzilla-ces-2023/","Geekzilla's Top Picks and Insights from CES 2023","no inbound in-content links","reachable via category archive, related-posts, prev/next and HTML sitemap; flagged for future editorial linking"
"/hagie-tunkara-chef/","How Chef Hagie Tunkara Combines Tradition and Innovation","no inbound in-content links","reachable via category archive, related-posts, prev/next and HTML sitemap; flagged for future editorial linking"
"/himalayan-resting-place/","Himalayan Resting Place, a Sanctuary for Travelers Seeking Nature and Quiet","no inbound in-content links","reachable via category archive, related-posts, prev/next and HTML sitemap; flagged for future editorial linking"
"/homarazzi/","Homarazzi Explores Celebrity Culture and Entertainment","no inbound in-content links","reachable via category archive, related-posts, prev/next and HTML sitemap; flagged for future editorial linking"
"/home-electrical-safety-a-essential-checklist-for-homeowners/","Home Electrical Safety A Essential Checklist for Homeowners","no inbound in-content links","reachable via category archive, related-posts, prev/next and HTML sitemap; flagged for future editorial linking"
"/home-electrical-safety-checklist/","Home Electrical Safety Checklist: 12 Warning Signs to Take Seriously","no inbound in-content links","reachable via category archive, related-posts, prev/next and HTML sitemap; flagged for future editorial linking"
"/how-coomersu-is-changing-online-consumer-behavior/","How Coomersu is Changing Online Consumer Behavior","no inbound in-content links","reachable via category archive, related-posts, prev/next and HTML sitemap; flagged for future editorial linking"
"/how-cowordle-is-taking-word-puzzles-to-the-next-level/","How Cowordle is Taking Word Puzzles to the Next Level","no inbound in-content links","reachable via category archive, related-posts, prev/next and HTML sitemap; flagged for future editorial linking"
"/how-fmybrainsout-stands-out-in-the-world-of-digital-content/","How FMyBrainsOut Stands Out in the World of Digital Content","no inbound in-content links","reachable via category archive, related-posts, prev/next and HTML sitemap; flagged for future editorial linking"
"/how-franklin-submersible-pumps-improve-efficiency-in-agriculture-and-irrigation/","How Franklin Submersible Pumps Improve Efficiency in Agriculture and Irrigation","no inbound in-content links","reachable via category archive, related-posts, prev/next and HTML sitemap; flagged for future editorial linking"
"/how-geelong-electricians-are-adapting-to-sustainable-and-green-energy-solutions/","How Geelong Electricians Are Adapting to Sustainable and Green Energy Solutions","no inbound in-content links","reachable via category archive, related-posts, prev/next and HTML sitemap; flagged for future editorial linking"
"/how-pcb-assembly-drives-efficiency-in-industrial-automation/","How PCB Assembly Drives Efficiency in Industrial Automation","no inbound in-content links","reachable via category archive, related-posts, prev/next and HTML sitemap; flagged for future editorial linking"
"/how-qxefv-is-changing-the-landscape-of-technology/","How Qxefv is Changing the Landscape of Technology","no inbound in-content links","reachable via category archive, related-posts, prev/next and HTML sitemap; flagged for future editorial linking"
"/how-the-kennedy-funding-lawsuit-is-impacting-the-financial-sector/","How the Kennedy Funding Lawsuit is Impacting the Financial Sector","no inbound in-content links","reachable via category archive, related-posts, prev/next and HTML sitemap; flagged for future editorial linking"
"/how-to-build-the-perfect-deck-an-electricians-guide-to-outdoor-living-spaces/","How to Build the Perfect Deck An Electrician's Guide to Outdoor Living Spaces","no inbound in-content links","reachable via category archive, related-posts, prev/next and HTML sitemap; flagged for future editorial linking"
"/how-to-choose-and-implement-sea-wire-for-optimal-performance/","How to Choose and Implement Sea Wire for Optimal Performance","no inbound in-content links","reachable via category archive, related-posts, prev/next and HTML sitemap; flagged for future editorial linking"
"/how-to-emigrate-to-australia-as-an-electrician/","How to Emigrate to Australia as an Electrician","no inbound in-content links","reachable via category archive, related-posts, prev/next and HTML sitemap; flagged for future editorial linking"
"/how-to-make-the-image-background-transparent-with-ai-eases-ai-background-remover/","How to Make the Image Background Transparent with AI Ease's AI Background Remover","no inbound in-content links","reachable via category archive, related-posts, prev/next and HTML sitemap; flagged for future editorial linking"
"/how-to-market-your-electrical-service-business-effectively/","How to Market Your Electrical Service Business Effectively","no inbound in-content links","reachable via category archive, related-posts, prev/next and HTML sitemap; flagged for future editorial linking"
"/how-to-read-your-electricity-meter/","How to Read Your Electricity Meter: Dials, Digital and Smart Meters","no inbound in-content links","reachable via category archive, related-posts, prev/next and HTML sitemap; flagged for future editorial linking"
"/how-to-repair-an-led-flood-light-a-simple-and-easy-guide/","How to Repair an LED Flood Light? A Simple and Easy Guide","no inbound in-content links","reachable via category archive, related-posts, prev/next and HTML sitemap; flagged for future editorial linking"
"/how-to-use-a-silicone-sealant-properly-the-essential-dos-and-donts/","How to Use a Silicone Sealant Properly: The Essential Dos and Don'ts","no inbound in-content links","reachable via category archive, related-posts, prev/next and HTML sitemap; flagged for future editorial linking"
"/https-electriciantimes-com-energy-saving-lamp-do-it-yourself-repair/","The Ultimate Overview of Danlar Enhancements and Innovations","no inbound in-content links","reachable via category archive, related-posts, prev/next and HTML sitemap; flagged for future editorial linking"
"/industrial-automation-market-forecast-for-the-next-5-years-key-drivers-and-opportunities/","Industrial Automation Market Forecast for the Next 5 Years: Key Drivers and Opportunities","no inbound in-content links","reachable via category archive, related-posts, prev/next and HTML sitemap; flagged for future editorial linking"
"/installation-tips-for-light-pole-base-anchor-bolts/","Installation Tips for Light Pole Base Anchor Bolts","no inbound in-content links","reachable via category archive, related-posts, prev/next and HTML sitemap; flagged for future editorial linking"
"/introduction-to-different-types-of-electronic-connectors/","Introduction to Different Types of Electronic Connectors","no inbound in-content links","reachable via category archive, related-posts, prev/next and HTML sitemap; flagged for future editorial linking"
"/juvgwg/","How Juvgwg is Revolutionizing Technology and Sustainability","no inbound in-content links","reachable via category archive, related-posts, prev/next and HTML sitemap; flagged for future editorial linking"
"/keeper-standards-test/","Your Ultimate Guide to Preparing for the Keeper Standards Test","no inbound in-content links","reachable via category archive, related-posts, prev/next and HTML sitemap; flagged for future editorial linking"
"/kentuckio/","How to Spend a Perfect Weekend in Kentuckio","no inbound in-content links","reachable via category archive, related-posts, prev/next and HTML sitemap; flagged for future editorial linking"
"/kingymab/","How Kingymab is Changing the Way We Approach Fitness","no inbound in-content links","reachable via category archive, related-posts, prev/next and HTML sitemap; flagged for future editorial linking"
"/kitchen-renovation-mistakes-that-could-spark-electrical-trouble/","Kitchen Renovation Mistakes That Could Spark Electrical Trouble","no inbound in-content links","reachable via category archive, related-posts, prev/next and HTML sitemap; flagged for future editorial linking"
"/krete-kot-system/","Why Contractors Are Choosing the Krete Kot System for Commercial Projects","no inbound in-content links","reachable via category archive, related-posts, prev/next and HTML sitemap; flagged for future editorial linking"
"/led-garland-do-it-yourself/","LED Garland - Do It Yourself","no inbound in-content links","reachable via category archive, related-posts, prev/next and HTML sitemap; flagged for future editorial linking"
"/level-2-asp-in-sydney-what-they-can-do-and-when-you-actually-need-one/","Level 2 ASP in Sydney: What They Can Do and When You Actually Need One","no inbound in-content links","reachable via category archive, related-posts, prev/next and HTML sitemap; flagged for future editorial linking"
"/licensed-electricians-for-renovation-safety/","Licensed Electricians For Renovation Safety","no inbound in-content links","reachable via category archive, related-posts, prev/next and HTML sitemap; flagged for future editorial linking"
"/lorphenadine/","Is Lorphenadine the Best Solution for Your Seasonal Allergies?","no inbound in-content links","reachable via category archive, related-posts, prev/next and HTML sitemap; flagged for future editorial linking"
"/manhiascan/","Manhiascan Explained: Everything You Need to Know","no inbound in-content links","reachable via category archive, related-posts, prev/next and HTML sitemap; flagged for future editorial linking"
"/master-spreadsheet-rectangles-to-unlock-the-power-of-organized-data/","Master Spreadsheet Rectangles to Unlock the Power of Organized Data","no inbound in-content links","reachable via category archive, related-posts, prev/next and HTML sitemap; flagged for future editorial linking"
"/maximizing-energy-efficiency-in-your-bathroom-a-guide-for-eco-friendly-upgrades/","Maximizing Energy Efficiency in Your Bathroom: A Guide for Eco-Friendly Upgrades","no inbound in-content links","reachable via category archive, related-posts, prev/next and HTML sitemap; flagged for future editorial linking"
"/maximizing-productivity-with-jablw-rv-tips-and-tricks/","Maximizing Productivity with Jablw.rv Tips and Tricks","no inbound in-content links","reachable via category archive, related-posts, prev/next and HTML sitemap; flagged for future editorial linking"
"/mc-cable-a-practical-guide-to-its-features-and-installation/","MC Cable A Practical Guide to Its Features and Installation","no inbound in-content links","reachable via category archive, related-posts, prev/next and HTML sitemap; flagged for future editorial linking"
"/membrane-switch-essentials-top-8-design-insights/","Membrane Switch Essentials: Top 8 Design Insights","no inbound in-content links","reachable via category archive, related-posts, prev/next and HTML sitemap; flagged for future editorial linking"
"/methstreams-the-ultimate-sports-streaming-guide-for-fans/","MethStreams: The Ultimate Sports Streaming Guide for Fans","no inbound in-content links","reachable via category archive, related-posts, prev/next and HTML sitemap; flagged for future editorial linking"
"/mydearquotes-com-quotes-archives/","MyDearQuotes.com Quotes Archives – A Source of Inspiration","no inbound in-content links","reachable via category archive, related-posts, prev/next and HTML sitemap; flagged for future editorial linking"
"/myfastbroker-insurance-brokers/","Understanding MyFastBroker Insurance Brokers with a Complete Guide","no inbound in-content links","reachable via category archive, related-posts, prev/next and HTML sitemap; flagged for future editorial linking"
"/myfastbroker-stock-brokers/","MyFastBroker Stock Brokers – A Complete Guide to Online Trading","no inbound in-content links","reachable via category archive, related-posts, prev/next and HTML sitemap; flagged for future editorial linking"
"/mylt34/","Why MYLT34 Is the Ultimate Choice for Industrial Applications","no inbound in-content links","reachable via category archive, related-posts, prev/next and HTML sitemap; flagged for future editorial linking"
"/natasha-fester-car-accident/","Natasha Fester Car Accident: The Complete Story","no inbound in-content links","reachable via category archive, related-posts, prev/next and HTML sitemap; flagged for future editorial linking"
"/navigating-the-licensing-process-in-canada-as-a-foreign-trained-electrician/","Navigating the Licensing Process in Canada as a Foreign-Trained Electrician","no inbound in-content links","reachable via category archive, related-posts, prev/next and HTML sitemap; flagged for future editorial linking"
"/new-orleans-electrician-services-and-their-importance-in-modern-infrastructure/","New Orleans Electrician Services and Their Importance in Modern Infrastructure","no inbound in-content links","reachable via category archive, related-posts, prev/next and HTML sitemap; flagged for future editorial linking"
"/new-orleans-electrician-services-for-residential-and-commercial-needs/","New Orleans Electrician Services for Residential and Commercial Needs","no inbound in-content links","reachable via category archive, related-posts, prev/next and HTML sitemap; flagged for future editorial linking"
"/nftrandomize/","NFTRandomize and Its Impact on the Future of Digital Collectibles","no inbound in-content links","reachable via category archive, related-posts, prev/next and HTML sitemap; flagged for future editorial linking"
"/nuoilo-12h/","Top 5 Benefits of Using Nuoilo 12h for Long-Term Relief","no inbound in-content links","reachable via category archive, related-posts, prev/next and HTML sitemap; flagged for future editorial linking"
"/oridzin/","How Oridzin Can Boost Your Business Efficiency and Productivity","no inbound in-content links","reachable via category archive, related-posts, prev/next and HTML sitemap; flagged for future editorial linking"
"/papxnmoxk/","Papxnmoxk: An In-Depth Exploration","no inbound in-content links","reachable via category archive, related-posts, prev/next and HTML sitemap; flagged for future editorial linking"
"/planning-the-electrical-wiring-of-a-country-house/","Planning The Electrical Wiring Of A Country House","no inbound in-content links","reachable via category archive, related-posts, prev/next and HTML sitemap; flagged for future editorial linking"
"/powering-up-your-home-10-electrical-projects-that-make-a-big-impact/","Powering Up Your Home: 10 Electrical Projects That Make a Big Impact","no inbound in-content links","reachable via category archive, related-posts, prev/next and HTML sitemap; flagged for future editorial linking"
"/prince-narula-digital-paypal/","Why Prince Narula Trusts Digital PayPal for Seamless Online Payments","no inbound in-content links","reachable via category archive, related-posts, prev/next and HTML sitemap; flagged for future editorial linking"
"/qivation-company-leading-the-way-in-air-purification-with-nanotechnology/","Qivation Company Leading the Way in Air Purification with Nanotechnology","no inbound in-content links","reachable via category archive, related-posts, prev/next and HTML sitemap; flagged for future editorial linking"
"/retro-bowl-3kh0/","Retro Bowl 3KH0 - Your Ultimate Guide to a Retro Football Classic","no inbound in-content links","reachable via category archive, related-posts, prev/next and HTML sitemap; flagged for future editorial linking"
"/rout-hair/","Understanding Rout Hair - Causes, Treatments, and How to Prevent It","no inbound in-content links","reachable via category archive, related-posts, prev/next and HTML sitemap; flagged for future editorial linking"
"/seamless-tech-upgrades-explore-the-magic-of-xannytech-net/","Seamless Tech Upgrades: Explore the Magic of xannytech.net","no inbound in-content links","reachable via category archive, related-posts, prev/next and HTML sitemap; flagged for future editorial linking"
"/sector-nyt-crossword/","Breaking Down the Sector Theme in New York Times Crosswords","no inbound in-content links","reachable via category archive, related-posts, prev/next and HTML sitemap; flagged for future editorial linking"
"/security-zones-of-power-lines-and-rules-for-staying-in-them/","Security zones of power lines and rules for staying in them","no inbound in-content links","reachable via category archive, related-posts, prev/next and HTML sitemap; flagged for future editorial linking"
"/srt-lebron-huskies/","SRT Lebron Huskies Emerging as a Powerhouse in the Sports World","no inbound in-content links","reachable via category archive, related-posts, prev/next and HTML sitemap; flagged for future editorial linking"
"/stars-923/","A Complete Look at Stars-923 and Its Impact","no inbound in-content links","reachable via category archive, related-posts, prev/next and HTML sitemap; flagged for future editorial linking"
"/stay-ahead-with-the-latest-tech-trends-from-news-jotechgeeks/","Stay Ahead with the Latest Tech Trends from News JotechGeeks","no inbound in-content links","reachable via category archive, related-posts, prev/next and HTML sitemap; flagged for future editorial linking"
"/storm-season-in-melbourne-why-wiring-checks-and-emergency-electrical-support-matter/","Storm Season in Melbourne? Why Wiring Checks and Emergency Electrical Support Matter","no inbound in-content links","reachable via category archive, related-posts, prev/next and HTML sitemap; flagged for future editorial linking"
"/supjavaa-shop/","How to Elevate Your Home Coffee Setup with Supjavaa.Shop's Products","no inbound in-content links","reachable via category archive, related-posts, prev/next and HTML sitemap; flagged for future editorial linking"
"/surface-treated-cnc-components-for-high-load-exoskeletons/","","no inbound in-content links","reachable via category archive, related-posts, prev/next and HTML sitemap; flagged for future editorial linking"
"/sustainable-solutions-in-electrical-design-and-implementation/","Sustainable Solutions in Electrical Design and Implementation","no inbound in-content links","reachable via category archive, related-posts, prev/next and HTML sitemap; flagged for future editorial linking"
"/the-best-can-am-defender-windshield-protection-for-harsh-weather-conditions/","The Best Can-Am Defender Windshield Protection for Harsh Weather Conditions","no inbound in-content links","reachable via category archive, related-posts, prev/next and HTML sitemap; flagged for future editorial linking"
"/the-evolution-of-access-control-systems-for-homes-and-businesses/","The Evolution of Access Control Systems for Homes and Businesses","no inbound in-content links","reachable via category archive, related-posts, prev/next and HTML sitemap; flagged for future editorial linking"
"/the-importance-of-solar-panel-repairs-and-lighting-services-for-your-home-in-new-jersey/","The Importance of Solar Panel Repairs and Lighting Services for Your Home in New Jersey","no inbound in-content links","reachable via category archive, related-posts, prev/next and HTML sitemap; flagged for future editorial linking"
"/the-journeyman-camera-is-a-balanced-choice-for-aspiring-photographers/","The Journeyman Camera is a Balanced Choice for Aspiring Photographers","no inbound in-content links","reachable via category archive, related-posts, prev/next and HTML sitemap; flagged for future editorial linking"
"/the-key-tools-every-modern-electrician-should-know/","The Key Tools Every Modern Electrician Should Know","no inbound in-content links","reachable via category archive, related-posts, prev/next and HTML sitemap; flagged for future editorial linking"
"/the-power-of-gutsy-boldness-reflections-from-the-nyt/","The Power of Gutsy Boldness: Reflections from the NYT","no inbound in-content links","reachable via category archive, related-posts, prev/next and HTML sitemap; flagged for future editorial linking"
"/the-psychology-of-visual-cues-how-floor-markings-influence-behavior-and-productivity/","The Psychology of Visual Cues: How Floor Markings Influence Behavior and Productivity","no inbound in-content links","reachable via category archive, related-posts, prev/next and HTML sitemap; flagged for future editorial linking"
"/the-role-of-iot-in-modern-electrical-systems/","The Role of IoT in Modern Electrical Systems","no inbound in-content links","reachable via category archive, related-posts, prev/next and HTML sitemap; flagged for future editorial linking"
"/the-role-of-semiconductors-in-modern-electrical-systems-innovations-and-trends/","The Role of Semiconductors in Modern Electrical Systems: Innovations and Trends","no inbound in-content links","reachable via category archive, related-posts, prev/next and HTML sitemap; flagged for future editorial linking"
"/the-top-7-electrical-upgrades-to-boost-your-homes-value-in-2024/","The Top 7 Electrical Upgrades to Boost Your Home's Value in 2024","no inbound in-content links","reachable via category archive, related-posts, prev/next and HTML sitemap; flagged for future editorial linking"
"/thewifevo/","How TheWifeVO Shares Real-Life Experiences of Marriage","no inbound in-content links","reachable via category archive, related-posts, prev/next and HTML sitemap; flagged for future editorial linking"
"/top-benefits-of-using-weatherguard-for-your-roof-and-siding/","Top Benefits of Using WeatherGuard for Your Roof and Siding","no inbound in-content links","reachable via category archive, related-posts, prev/next and HTML sitemap; flagged for future editorial linking"
"/top-reasons-to-call-6463276197-for-expert-services/","Top Reasons to Call 6463276197 for Expert Services","no inbound in-content links","reachable via category archive, related-posts, prev/next and HTML sitemap; flagged for future editorial linking"
"/traceloans/","Why Traceloans is the Best Platform for Fast and Flexible Loan Approvals","no inbound in-content links","reachable via category archive, related-posts, prev/next and HTML sitemap; flagged for future editorial linking"
"/transforming-your-mobile-home-exterior-proven-ways-to-boost-curb-appeal/","Transforming Your Mobile Home Exterior: Proven Ways to Boost Curb Appeal","no inbound in-content links","reachable via category archive, related-posts, prev/next and HTML sitemap; flagged for future editorial linking"
"/travel-tweaks-offers/","How Travel Tweaks Offers Can Enhance Your Journey","no inbound in-content links","reachable via category archive, related-posts, prev/next and HTML sitemap; flagged for future editorial linking"
"/ul-certification-the-complete-guide-on-the-ul-labels/","UL Certification: The Complete Guide on the UL Labels","no inbound in-content links","reachable via category archive, related-posts, prev/next and HTML sitemap; flagged for future editorial linking"
"/uncuymaza/","Uncuymaza and Its Meaning, Uses, and Impact","no inbound in-content links","reachable via category archive, related-posts, prev/next and HTML sitemap; flagged for future editorial linking"
"/understanding-fearscans-the-future-of-emotion-detection-technology/","Understanding FearScans: The Future of Emotion Detection Technology","no inbound in-content links","reachable via category archive, related-posts, prev/next and HTML sitemap; flagged for future editorial linking"
"/understanding-plangud-and-its-features/","Understanding Plangud and Its Features","no inbound in-content links","reachable via category archive, related-posts, prev/next and HTML sitemap; flagged for future editorial linking"
"/unraveling-the-mysteries-of-ancient-artz/","Unraveling the Mysteries of Ancient Artz","no inbound in-content links","reachable via category archive, related-posts, prev/next and HTML sitemap; flagged for future editorial linking"
"/unveiling-pondershort-com-where-creativity-meets-brevity/","Unveiling pondershort.com: Where Creativity Meets Brevity","no inbound in-content links","reachable via category archive, related-posts, prev/next and HTML sitemap; flagged for future editorial linking"
"/waethicc/","Understanding the Meaning and Usage of Waethicc","no inbound in-content links","reachable via category archive, related-posts, prev/next and HTML sitemap; flagged for future editorial linking"
"/what-is-prom-an-in-depth-look-at-programmable-read-only-memory-in-computers/","What is PROM ? An In-Depth Look at Programmable Read-Only Memory in Computers","no inbound in-content links","reachable via category archive, related-posts, prev/next and HTML sitemap; flagged for future editorial linking"
"/what-the-etsiosapp-release-date-means-for-users-in-2024/","What the Etsiosapp Release Date Means for Users in 2024","no inbound in-content links","reachable via category archive, related-posts, prev/next and HTML sitemap; flagged for future editorial linking"
"/which-sockets-are-best-to-choose-firm-ratings/","Which sockets are best to choose? Firm ratings","no inbound in-content links","reachable via category archive, related-posts, prev/next and HTML sitemap; flagged for future editorial linking"
"/white-oak-impact-fund/","White Oak Impact Fund – Investing in a Sustainable Future","no inbound in-content links","reachable via category archive, related-posts, prev/next and HTML sitemap; flagged for future editorial linking"
"/why-businesses-benefit-from-professional-google-ads-services/","Why Businesses Benefit from Professional Google Ads Services","no inbound in-content links","reachable via category archive, related-posts, prev/next and HTML sitemap; flagged for future editorial linking"
"/why-choose-hooked-up-electric-for-your-electrical-contractor-need/","Why Choose Hooked Up Electric for Your Electrical Contractor Need","no inbound in-content links","reachable via category archive, related-posts, prev/next and HTML sitemap; flagged for future editorial linking"
"/why-dining-rooms-are-fading-away-in-modern-homes/","Why Dining Rooms Are Fading Away in Modern Homes","no inbound in-content links","reachable via category archive, related-posts, prev/next and HTML sitemap; flagged for future editorial linking"
"/why-electricians-are-essential-for-modern-living/","Why Electricians Are Essential for Modern Living","no inbound in-content links","reachable via category archive, related-posts, prev/next and HTML sitemap; flagged for future editorial linking"
"/why-stoneway-is-the-ideal-choice-for-modern-architecture/","Why Stoneway is the Ideal Choice for Modern Architecture","no inbound in-content links","reachable via category archive, related-posts, prev/next and HTML sitemap; flagged for future editorial linking"
"/why-your-oven-isnt-heating-properly-what-to-do/","Why Your Oven Isn't Heating Properly & What to Do ","no inbound in-content links","reachable via category archive, related-posts, prev/next and HTML sitemap; flagged for future editorial linking"
"/wiring-installation-in-a-wooden-house-3-popular-schemes/","Wiring installation in a wooden house: 3 popular schemes","no inbound in-content links","reachable via category archive, related-posts, prev/next and HTML sitemap; flagged for future editorial linking"
"/yadontube/","YadonTube – Could This Be the Next Big Thing in Video Sharing?","no inbound in-content links","reachable via category archive, related-posts, prev/next and HTML sitemap; flagged for future editorial linking"