url,title,reason,http_after_removal
"https://electriciantimes.com/10-interesting-facts-about-mary-joan-martelly-you-didnt-know/","10 Interesting Facts About Mary Joan Martelly You Didn’t Know","celebrity content","404 (intentional removal)"
"https://electriciantimes.com/a-beginners-guide-to-using-muchotorrents-safely/","A Beginner’s Guide to Using MuchoTorrents Safely","torrent site guide","404 (intentional removal)"
"https://electriciantimes.com/a-step-by-step-guide-to-getting-started-with-vy6ys/","A Step-by-Step Guide to Getting Started with Vy6ys","unrelated brand promo","404 (intentional removal)"
"https://electriciantimes.com/ams39k/","Unveiling the Influence of AMS39K on Modern Technology","vague tech promo, no electrical substance","404 (intentional removal)"
"https://electriciantimes.com/an-overview-of-data-architecture/","An Overview Of Data Architecture","IT/data topic","404 (intentional removal)"
"https://electriciantimes.com/andrigolitis/","Understanding the Causes, Symptoms, and Treatment of Andrigolitis","pseudo-medical content","404 (intentional removal)"
"https://electriciantimes.com/appfordown/","Why Appfordown is the Best Platform for All Your App Needs","app-download site promo","404 (intentional removal)"
"https://electriciantimes.com/ar-clothes-interactive-designs-and-prints/","AR Clothes Interactive Designs and Prints","fashion/AR","404 (intentional removal)"
"https://electriciantimes.com/artificial-intelligence-problems/","Artificial Intelligence Problems","general AI essay","404 (intentional removal)"
"https://electriciantimes.com/atlantic-business-brokers-helping-you-navigate-smooth-business-transactions/","Atlantic Business Brokers Helping You Navigate Smooth Business Transactions","business brokerage","404 (intentional removal)"
"https://electriciantimes.com/bebasinindo-celebrates-freedom-and-innovation-in-indonesia/","Bebasinindo Celebrates Freedom and Innovation in Indonesia","unrelated promo","404 (intentional removal)"
"https://electriciantimes.com/beholderen-unveiling-the-mystery-behind-the-name/","Beholderen: Unveiling the Mystery Behind the Name","meaningless SEO filler","404 (intentional removal)"
"https://electriciantimes.com/blackboarduct/","Everything You Need to Know About Blackboarduct and Its Uses","chalkboard material (construction/decor)","404 (intentional removal)"
"https://electriciantimes.com/bring-your-photos-and-artworks-to-life-with-stories-ar/","Bring Your Photos and Artworks to Life with Stories AR","AR photo app promo","404 (intentional removal)"
"https://electriciantimes.com/certidor/","How Certidor Can Help You Boost Your Professional Profile","professional-profile service promo","404 (intentional removal)"
"https://electriciantimes.com/chagaras/","Understanding Chagaras – Symptoms, Causes and Treatments","pseudo-medical content","404 (intentional removal)"
"https://electriciantimes.com/chelsea-actons-famous-parenting-techniques-explained/","Chelsea Acton’s Famous Parenting Techniques Explained","parenting","404 (intentional removal)"
"https://electriciantimes.com/clickbaitosaurus/","Clickbaitosaurus – Impact of Clickbait in Modern Media","media/clickbait essay","404 (intentional removal)"
"https://electriciantimes.com/comprehensive-auto-repair-and-fire-protection-solutions/","Comprehensive Auto Repair and Fire Protection Solutions","auto repair promo","404 (intentional removal)"
"https://electriciantimes.com/corma-ai-ashees/","Corma AI Ashees Leading the Way in the Future of AI Technology","AI brand promo","404 (intentional removal)"
"https://electriciantimes.com/cubvh-a-transformative-concept-shaping-modern-possibilities/","Cubvh: A Transformative Concept Shaping Modern Possibilities","meaningless SEO filler","404 (intentional removal)"
"https://electriciantimes.com/cyber-security-services-for-modern-businesses/","Cyber Security Services for Modern Businesses","IT security services","404 (intentional removal)"
"https://electriciantimes.com/dagesteron/","How Dagesteron Can Improve Your Health","pseudo-medical content","404 (intentional removal)"
"https://electriciantimes.com/digital-art-ankinsart-exploring-the-fusion-of-technology-and-creativity/","Digital Art AnkinsArt: Exploring the Fusion of Technology and Creativity","digital art","404 (intentional removal)"
"https://electriciantimes.com/discovering-figu-the-sweet-jewel-of-nature/","Discovering Figù: The Sweet Jewel of Nature","food/fruit","404 (intentional removal)"
"https://electriciantimes.com/discovering-opportunities-at-dallas-spark/","Discovering Opportunities at Dallas Spark","networking-hub promo, not electrical","404 (intentional removal)"
"https://electriciantimes.com/dzombz-pc-game-trainer/","Your Complete Guide to Using Dzombz PC Game Trainer","video games","404 (intentional removal)"
"https://electriciantimes.com/elettronica-di-consumo-italys-leading-online-store-for-consumer-electronics/","Elettronica di Consumo: Italy’s Leading Online Store for Consumer Electronics","consumer-electronics shop promo","404 (intentional removal)"
"https://electriciantimes.com/exploring-coelocaliente-definition-applications-and-benefits/","Exploring Coelocaliente: Definition, Applications, and Benefits","meaningless SEO filler","404 (intentional removal)"
"https://electriciantimes.com/exploring-the-world-through-albino-monkey-net-travel-archives/","Exploring the World Through albino-monkey.net Travel Archives","travel","404 (intentional removal)"
"https://electriciantimes.com/geekzilla-ces-2023/","Geekzilla's Top Picks and Insights from CES 2023","tech news/CES","404 (intentional removal)"
"https://electriciantimes.com/hagie-tunkara-chef/","How Chef Hagie Tunkara Combines Tradition and Innovation","chef profile","404 (intentional removal)"
"https://electriciantimes.com/himalayan-resting-place/","Himalayan Resting Place, a Sanctuary for Travelers Seeking Nature and Quiet","travel","404 (intentional removal)"
"https://electriciantimes.com/homarazzi/","Homarazzi Explores Celebrity Culture and Entertainment","celebrity culture","404 (intentional removal)"
"https://electriciantimes.com/how-coomersu-is-changing-online-consumer-behavior/","How Coomersu is Changing Online Consumer Behavior","meaningless SEO filler","404 (intentional removal)"
"https://electriciantimes.com/how-cowordle-is-taking-word-puzzles-to-the-next-level/","How Cowordle is Taking Word Puzzles to the Next Level","word games","404 (intentional removal)"
"https://electriciantimes.com/how-fmybrainsout-stands-out-in-the-world-of-digital-content/","How FMyBrainsOut Stands Out in the World of Digital Content","digital-content site promo","404 (intentional removal)"
"https://electriciantimes.com/how-qxefv-is-changing-the-landscape-of-technology/","How Qxefv is Changing the Landscape of Technology","meaningless SEO filler","404 (intentional removal)"
"https://electriciantimes.com/how-the-kennedy-funding-lawsuit-is-impacting-the-financial-sector/","How the Kennedy Funding Lawsuit is Impacting the Financial Sector","finance/legal","404 (intentional removal)"
"https://electriciantimes.com/how-to-make-the-image-background-transparent-with-ai-eases-ai-background-remover/","How to Make the Image Background Transparent with AI Ease's AI Background Remover","AI image tool promo","404 (intentional removal)"
"https://electriciantimes.com/how-to-use-a-silicone-sealant-properly-the-essential-dos-and-donts/","How to Use a Silicone Sealant Properly: The Essential Dos and Don'ts","general construction sealant","404 (intentional removal)"
"https://electriciantimes.com/https-electriciantimes-com-energy-saving-lamp-do-it-yourself-repair/","The Ultimate Overview of Danlar Enhancements and Innovations","junk post (Danlar promo on malformed slug)","404 (intentional removal)"
"https://electriciantimes.com/juvgwg/","How Juvgwg is Revolutionizing Technology and Sustainability","meaningless SEO filler","404 (intentional removal)"
"https://electriciantimes.com/keeper-standards-test/","Your Ultimate Guide to Preparing for the Keeper Standards Test","football goalkeeping","404 (intentional removal)"
"https://electriciantimes.com/kentuckio/","How to Spend a Perfect Weekend in Kentuckio","travel","404 (intentional removal)"
"https://electriciantimes.com/kingymab/","How Kingymab is Changing the Way We Approach Fitness","fitness promo","404 (intentional removal)"
"https://electriciantimes.com/krete-kot-system/","Why Contractors Are Choosing the Krete Kot System for Commercial Projects","concrete coating (construction)","404 (intentional removal)"
"https://electriciantimes.com/lorphenadine/","Is Lorphenadine the Best Solution for Your Seasonal Allergies?","pseudo-medical content","404 (intentional removal)"
"https://electriciantimes.com/lyncconf-game-mods/","Unlock New Features with These Popular Lyncconf Game Mods","video games","404 (intentional removal)"
"https://electriciantimes.com/manhiascan/","Manhiascan Explained: Everything You Need to Know","manga site promo","404 (intentional removal)"
"https://electriciantimes.com/master-spreadsheet-rectangles-to-unlock-the-power-of-organized-data/","Master Spreadsheet Rectangles to Unlock the Power of Organized Data","spreadsheets","404 (intentional removal)"
"https://electriciantimes.com/maximizing-productivity-with-jablw-rv-tips-and-tricks/","Maximizing Productivity with Jablw.rv Tips and Tricks","meaningless SEO filler","404 (intentional removal)"
"https://electriciantimes.com/methstreams-the-ultimate-sports-streaming-guide-for-fans/","MethStreams: The Ultimate Sports Streaming Guide for Fans","pirated sports streaming","404 (intentional removal)"
"https://electriciantimes.com/mydearquotes-com-quotes-archives/","MyDearQuotes.com Quotes Archives – A Source of Inspiration","quotes site promo","404 (intentional removal)"
"https://electriciantimes.com/myfastbroker-insurance-brokers/","Understanding MyFastBroker Insurance Brokers with a Complete Guide","insurance brokerage","404 (intentional removal)"
"https://electriciantimes.com/myfastbroker-stock-brokers/","MyFastBroker Stock Brokers – A Complete Guide to Online Trading","stock brokerage","404 (intentional removal)"
"https://electriciantimes.com/mylt34/","Why MYLT34 Is the Ultimate Choice for Industrial Applications","meaningless SEO filler","404 (intentional removal)"
"https://electriciantimes.com/natasha-fester-car-accident/","Natasha Fester Car Accident: The Complete Story","car-accident story about a private person","404 (intentional removal)"
"https://electriciantimes.com/nftrandomize/","NFTRandomize and Its Impact on the Future of Digital Collectibles","NFT promo","404 (intentional removal)"
"https://electriciantimes.com/nuoilo-12h/","Top 5 Benefits of Using Nuoilo 12h for Long-Term Relief","supplement promo","404 (intentional removal)"
"https://electriciantimes.com/oridzin/","How Oridzin Can Boost Your Business Efficiency and Productivity","meaningless SEO filler","404 (intentional removal)"
"https://electriciantimes.com/papxnmoxk/","Papxnmoxk: An In-Depth Exploration","meaningless SEO filler","404 (intentional removal)"
"https://electriciantimes.com/prince-narula-digital-paypal/","Why Prince Narula Trusts Digital PayPal for Seamless Online Payments","celebrity/payments","404 (intentional removal)"
"https://electriciantimes.com/qivation-company-leading-the-way-in-air-purification-with-nanotechnology/","Qivation Company Leading the Way in Air Purification with Nanotechnology","air-purifier brand PR","404 (intentional removal)"
"https://electriciantimes.com/retro-bowl-3kh0/","Retro Bowl 3KH0 - Your Ultimate Guide to a Retro Football Classic","video games","404 (intentional removal)"
"https://electriciantimes.com/rout-hair/","Understanding Rout Hair - Causes, Treatments, and How to Prevent It","hair care","404 (intentional removal)"
"https://electriciantimes.com/seamless-tech-upgrades-explore-the-magic-of-xannytech-net/","Seamless Tech Upgrades: Explore the Magic of xannytech.net","tech blog promo","404 (intentional removal)"
"https://electriciantimes.com/sector-nyt-crossword/","Breaking Down the Sector Theme in New York Times Crosswords","crossword puzzles","404 (intentional removal)"
"https://electriciantimes.com/srt-lebron-huskies/","SRT Lebron Huskies Emerging as a Powerhouse in the Sports World","sports","404 (intentional removal)"
"https://electriciantimes.com/stars-923/","A Complete Look at Stars-923 and Its Impact","meaningless SEO filler","404 (intentional removal)"
"https://electriciantimes.com/stay-ahead-with-the-latest-tech-trends-from-news-jotechgeeks/","Stay Ahead with the Latest Tech Trends from News JotechGeeks","tech news site promo","404 (intentional removal)"
"https://electriciantimes.com/supjavaa-shop/","How to Elevate Your Home Coffee Setup with Supjavaa.Shop's Products","coffee shop promo","404 (intentional removal)"
"https://electriciantimes.com/surface-treated-cnc-components-for-high-load-exoskeletons/","","CNC/exoskeletons, empty title","404 (intentional removal)"
"https://electriciantimes.com/the-best-can-am-defender-windshield-protection-for-harsh-weather-conditions/","The Best Can-Am Defender Windshield Protection for Harsh Weather Conditions","ATV accessories","404 (intentional removal)"
"https://electriciantimes.com/the-journeyman-camera-is-a-balanced-choice-for-aspiring-photographers/","The Journeyman Camera is a Balanced Choice for Aspiring Photographers","photography","404 (intentional removal)"
"https://electriciantimes.com/the-power-of-gutsy-boldness-reflections-from-the-nyt/","The Power of Gutsy Boldness: Reflections from the NYT","NYT essay","404 (intentional removal)"
"https://electriciantimes.com/the-psychology-of-visual-cues-how-floor-markings-influence-behavior-and-productivity/","The Psychology of Visual Cues: How Floor Markings Influence Behavior and Productivity","floor-marking promo","404 (intentional removal)"
"https://electriciantimes.com/thewifevo/","How TheWifeVO Shares Real-Life Experiences of Marriage","relationship stories","404 (intentional removal)"
"https://electriciantimes.com/top-benefits-of-using-weatherguard-for-your-roof-and-siding/","Top Benefits of Using WeatherGuard for Your Roof and Siding","roofing/siding","404 (intentional removal)"
"https://electriciantimes.com/top-reasons-to-call-6463276197-for-expert-services/","Top Reasons to Call 6463276197 for Expert Services","phone-number spam","404 (intentional removal)"
"https://electriciantimes.com/traceloans/","Why Traceloans is the Best Platform for Fast and Flexible Loan Approvals","loans promo","404 (intentional removal)"
"https://electriciantimes.com/transforming-your-mobile-home-exterior-proven-ways-to-boost-curb-appeal/","Transforming Your Mobile Home Exterior: Proven Ways to Boost Curb Appeal","home exterior/curb appeal","404 (intentional removal)"
"https://electriciantimes.com/travel-tweaks-offers/","How Travel Tweaks Offers Can Enhance Your Journey","travel","404 (intentional removal)"
"https://electriciantimes.com/uncuymaza/","Uncuymaza and Its Meaning, Uses, and Impact","meaningless SEO filler","404 (intentional removal)"
"https://electriciantimes.com/understanding-fearscans-the-future-of-emotion-detection-technology/","Understanding FearScans: The Future of Emotion Detection Technology","emotion-detection promo","404 (intentional removal)"
"https://electriciantimes.com/understanding-kashito_toto-and-its-growing-popularity/","Understanding Kashito_Toto and Its Growing Popularity","meaningless SEO filler","404 (intentional removal)"
"https://electriciantimes.com/understanding-plangud-and-its-features/","Understanding Plangud and Its Features","meaningless SEO filler","404 (intentional removal)"
"https://electriciantimes.com/unraveling-the-mysteries-of-ancient-artz/","Unraveling the Mysteries of Ancient Artz","art history filler","404 (intentional removal)"
"https://electriciantimes.com/unveiling-pondershort-com-where-creativity-meets-brevity/","Unveiling pondershort.com: Where Creativity Meets Brevity","writing site promo","404 (intentional removal)"
"https://electriciantimes.com/waethicc/","Understanding the Meaning and Usage of Waethicc","internet slang filler","404 (intentional removal)"
"https://electriciantimes.com/what-the-etsiosapp-release-date-means-for-users-in-2024/","What the Etsiosapp Release Date Means for Users in 2024","app release news","404 (intentional removal)"
"https://electriciantimes.com/white-oak-impact-fund/","White Oak Impact Fund – Investing in a Sustainable Future","investment fund","404 (intentional removal)"
"https://electriciantimes.com/why-businesses-benefit-from-professional-google-ads-services/","Why Businesses Benefit from Professional Google Ads Services","marketing services","404 (intentional removal)"
"https://electriciantimes.com/why-dining-rooms-are-fading-away-in-modern-homes/","Why Dining Rooms Are Fading Away in Modern Homes","interior design","404 (intentional removal)"
"https://electriciantimes.com/why-stoneway-is-the-ideal-choice-for-modern-architecture/","Why Stoneway is the Ideal Choice for Modern Architecture","architecture/materials","404 (intentional removal)"
"https://electriciantimes.com/yadontube/","YadonTube – Could This Be the Next Big Thing in Video Sharing?","video-sharing site promo","404 (intentional removal)"
"https://electriciantimes.com/your-ultimate-guide-to-easy-downloading-with-appfordown-applications/","Your Ultimate Guide to Easy Downloading with AppForDown Applications","app-download promo","404 (intentional removal)"
"https://electriciantimes.com/electrician-newcastle-your-trusted-electrical-experts-2/","Electrician Newcastle Your Trusted Electrical Experts","duplicate of electrician-newcastle-your-trusted-electrical-expert","301 to kept duplicate"