url,title,title_length,meta_description,description_length,canonical,robots,h1_count
"https://electriciantimes.com/","Electrician Times - Practical guides on electrical work, wiring, tools, safety and technology","93","Electrician Times publishes practical articles on electrical installations, wiring, cables, sockets, lighting, tools and electrical safety for electricians, technicians and homeowners.","184","https://electriciantimes.com/","index, follow, max-image-preview:large","1"
"https://electriciantimes.com/10-electrical-safety-tips-when-installing-or-maintaining-a-split-system-air-conditioner/","10 Electrical Safety Tips for Your Split AC System","50","Keep your split AC installation safe with essential electrical tips—from powering down correctly to grounding and inspections.","126","https://electriciantimes.com/10-electrical-safety-tips-when-installing-or-maintaining-a-split-system-air-conditioner/","index, follow, max-image-preview:large","1"
"https://electriciantimes.com/404.html","Page Not Found - Electrician Times","34","The page you were looking for could not be found.","49","https://electriciantimes.com/404/","noindex, follow","1"
"https://electriciantimes.com/4s0101-chip/","4S0101 Chip: Overview &amp; Uses","32","Discover the 4S0101 chip, its key features, applications, working principles, and benefits in various electronic devices.","121","https://electriciantimes.com/4s0101-chip/","index, follow, max-image-preview:large","1"
"https://electriciantimes.com/a-closer-look-at-the-best-klein-tool-bags-on-the-market/","A Closer Look at the Best Klein Tool Bags on the Market - Electrician Times","75","Klein tool bags are renowned for their durability, functionality, and thoughtful design, making them a preferred choice among professionals. These bags…","152","https://electriciantimes.com/a-closer-look-at-the-best-klein-tool-bags-on-the-market/","index, follow, max-image-preview:large","1"
"https://electriciantimes.com/a-closer-look-at-wave-electronics-houston-and-their-top-offerings/","A Closer Look at Wave Electronics Houston and Their Top Offerings - Electrician Times","85","Wave Electronics Houston is a prominent name in the electronics distribution industry, known for providing high-quality products and exceptional…","145","https://electriciantimes.com/a-closer-look-at-wave-electronics-houston-and-their-top-offerings/","index, follow, max-image-preview:large","1"
"https://electriciantimes.com/a-comprehensive-guide-to-installing-protective-grounding/","A Comprehensive Guide to Installing Protective Grounding - Electrician Times","76","The time has long passed when the presence of protective grounding was the prerogative of exclusively industrial enterprises. With the increase in the…","151","https://electriciantimes.com/a-comprehensive-guide-to-installing-protective-grounding/","index, follow, max-image-preview:large","1"
"https://electriciantimes.com/a-comprehensive-review-of-service-wire-companys-product-line/","A Comprehensive Review of Service Wire Company&#39;s Product Line - Electrician Times","85","Service Wire Company is renowned for its high-quality electrical wire and cable products, serving a wide range of industries and applications. This…","148","https://electriciantimes.com/a-comprehensive-review-of-service-wire-companys-product-line/","index, follow, max-image-preview:large","1"
"https://electriciantimes.com/about-us/","About Us - Electrician Times","28","Welcome to ElectricianTimes - your trusted partner for top-notch electrical solutions. We are committed to illuminating homes and empowering businesses…","152","https://electriciantimes.com/about-us/","index, follow, max-image-preview:large","1"
"https://electriciantimes.com/advanced-materials-in-pcb-manufacturing/","Advanced Materials in PCB Manufacturing","39","Explore advanced materials in PCB manufacturing with flexible and high-performance substrates for various industries.","117","https://electriciantimes.com/advanced-materials-in-pcb-manufacturing/","index, follow, max-image-preview:large","1"
"https://electriciantimes.com/advancing-photovoltaics-defect-characterization-to-new-frontiers-using-ebic-techniques/","EBIC Analysis in Photovoltaics","30","Discover how EBIC analysis helps identify defects in solar cells, enhancing efficiency and reliability for sustainable energy solutions.","136","https://electriciantimes.com/advancing-photovoltaics-defect-characterization-to-new-frontiers-using-ebic-techniques/","index, follow, max-image-preview:large","1"
"https://electriciantimes.com/aluminum-vs-copper-wiring-differences/","Aluminum vs Copper Wiring: Key Differences - Electrician Times","62","Copper and aluminum conduct electricity differently and age differently. How the two conductors compare, why old aluminum branch wiring has a bad reputation, and where aluminum still makes sense.","195","https://electriciantimes.com/aluminum-vs-copper-wiring-differences/","index, follow, max-image-preview:large","1"
"https://electriciantimes.com/author/steven/","Steven, Author at Electrician Times","35","Steven is the editor of Electrician Times, where he writes and curates practical articles about electrical installations, wiring, tools and safety for electricians, technicians and homeowners.","192","https://electriciantimes.com/author/steven/","index, follow, max-image-preview:large","1"
"https://electriciantimes.com/author/steven/page/10/","Steven, Author at Electrician Times - Page 10","45","Articles by Steven — page 10 of 10. Steven is the editor of Electrician Times, where he writes and curates practical articles about electrical installations, wiring, tools and safety for electricians, technicians and homeowners.","228","https://electriciantimes.com/author/steven/page/10/","index, follow, max-image-preview:large","1"
"https://electriciantimes.com/author/steven/page/2/","Steven, Author at Electrician Times - Page 2","44","Articles by Steven — page 2 of 10. Steven is the editor of Electrician Times, where he writes and curates practical articles about electrical installations, wiring, tools and safety for electricians, technicians and homeowners.","227","https://electriciantimes.com/author/steven/page/2/","index, follow, max-image-preview:large","1"
"https://electriciantimes.com/author/steven/page/3/","Steven, Author at Electrician Times - Page 3","44","Articles by Steven — page 3 of 10. Steven is the editor of Electrician Times, where he writes and curates practical articles about electrical installations, wiring, tools and safety for electricians, technicians and homeowners.","227","https://electriciantimes.com/author/steven/page/3/","index, follow, max-image-preview:large","1"
"https://electriciantimes.com/author/steven/page/4/","Steven, Author at Electrician Times - Page 4","44","Articles by Steven — page 4 of 10. Steven is the editor of Electrician Times, where he writes and curates practical articles about electrical installations, wiring, tools and safety for electricians, technicians and homeowners.","227","https://electriciantimes.com/author/steven/page/4/","index, follow, max-image-preview:large","1"
"https://electriciantimes.com/author/steven/page/5/","Steven, Author at Electrician Times - Page 5","44","Articles by Steven — page 5 of 10. Steven is the editor of Electrician Times, where he writes and curates practical articles about electrical installations, wiring, tools and safety for electricians, technicians and homeowners.","227","https://electriciantimes.com/author/steven/page/5/","index, follow, max-image-preview:large","1"
"https://electriciantimes.com/author/steven/page/6/","Steven, Author at Electrician Times - Page 6","44","Articles by Steven — page 6 of 10. Steven is the editor of Electrician Times, where he writes and curates practical articles about electrical installations, wiring, tools and safety for electricians, technicians and homeowners.","227","https://electriciantimes.com/author/steven/page/6/","index, follow, max-image-preview:large","1"
"https://electriciantimes.com/author/steven/page/7/","Steven, Author at Electrician Times - Page 7","44","Articles by Steven — page 7 of 10. Steven is the editor of Electrician Times, where he writes and curates practical articles about electrical installations, wiring, tools and safety for electricians, technicians and homeowners.","227","https://electriciantimes.com/author/steven/page/7/","index, follow, max-image-preview:large","1"
"https://electriciantimes.com/author/steven/page/8/","Steven, Author at Electrician Times - Page 8","44","Articles by Steven — page 8 of 10. Steven is the editor of Electrician Times, where he writes and curates practical articles about electrical installations, wiring, tools and safety for electricians, technicians and homeowners.","227","https://electriciantimes.com/author/steven/page/8/","index, follow, max-image-preview:large","1"
"https://electriciantimes.com/author/steven/page/9/","Steven, Author at Electrician Times - Page 9","44","Articles by Steven — page 9 of 10. Steven is the editor of Electrician Times, where he writes and curates practical articles about electrical installations, wiring, tools and safety for electricians, technicians and homeowners.","227","https://electriciantimes.com/author/steven/page/9/","index, follow, max-image-preview:large","1"
"https://electriciantimes.com/bldc-motor-controllers-key-design-principles-and-challenges/","BLDC Motor Controllers: Key Design Principles and Challenges - Electrician Times","80","Brushless DC (BLDC) motors are increasingly favored in various applications due to their efficiency and durability. This article explores the…","142","https://electriciantimes.com/bldc-motor-controllers-key-design-principles-and-challenges/","index, follow, max-image-preview:large","1"
"https://electriciantimes.com/category/blog/","Blog Archives - Electrician Times","33","Articles, guides and news from Electrician Times covering electrical work, tools, technology and the trade.","107","https://electriciantimes.com/category/blog/","index, follow, max-image-preview:large","1"
"https://electriciantimes.com/category/blog/page/2/","Blog Archives - Page 2 - Electrician Times","42","Articles, guides and news from Electrician Times covering electrical work, tools, technology and the trade. Page 2 of 2.","120","https://electriciantimes.com/category/blog/page/2/","index, follow, max-image-preview:large","1"
"https://electriciantimes.com/category/business/","Business Archives - Electrician Times","37","Running and growing an electrical or trade business: marketing, operations and customer work.","93","https://electriciantimes.com/category/business/","index, follow, max-image-preview:large","1"
"https://electriciantimes.com/category/cable/","Cable Archives - Electrician Times","34","Cables and cable products: types, markings, selection, routing and safe installation.","85","https://electriciantimes.com/category/cable/","index, follow, max-image-preview:large","1"
"https://electriciantimes.com/category/device/","Device Archives - Electrician Times","35","Electrical and electronic devices explained: what they do, how they work and how to choose them.","96","https://electriciantimes.com/category/device/","index, follow, max-image-preview:large","1"
"https://electriciantimes.com/category/electrical/","Electrical Archives - Electrician Times","39","Core electrical topics: circuits, components, systems, standards and how electrical equipment works.","100","https://electriciantimes.com/category/electrical/","index, follow, max-image-preview:large","1"
"https://electriciantimes.com/category/electrical/page/2/","Electrical Archives - Page 2 - Electrician Times","48","Core electrical topics: circuits, components, systems, standards and how electrical equipment works. Page 2 of 4.","113","https://electriciantimes.com/category/electrical/page/2/","index, follow, max-image-preview:large","1"
"https://electriciantimes.com/category/electrical/page/3/","Electrical Archives - Page 3 - Electrician Times","48","Core electrical topics: circuits, components, systems, standards and how electrical equipment works. Page 3 of 4.","113","https://electriciantimes.com/category/electrical/page/3/","index, follow, max-image-preview:large","1"
"https://electriciantimes.com/category/electrical/page/4/","Electrical Archives - Page 4 - Electrician Times","48","Core electrical topics: circuits, components, systems, standards and how electrical equipment works. Page 4 of 4.","113","https://electriciantimes.com/category/electrical/page/4/","index, follow, max-image-preview:large","1"
"https://electriciantimes.com/category/electricial-safety/","Electrical Safety Archives - Electrician Times","46","Electrical safety fundamentals: protective devices, safe working practices and hazard prevention.","97","https://electriciantimes.com/category/electricial-safety/","index, follow, max-image-preview:large","1"
"https://electriciantimes.com/category/installing/","Installing Archives - Electrician Times","39","Installation guides for electrical equipment, wiring accessories and household systems.","87","https://electriciantimes.com/category/installing/","index, follow, max-image-preview:large","1"
"https://electriciantimes.com/category/led/","LED Archives - Electrician Times","32","LED technology: strips, drivers, retrofits and energy-efficient lighting.","73","https://electriciantimes.com/category/led/","index, follow, max-image-preview:large","1"
"https://electriciantimes.com/category/lighting/","Lighting Archives - Electrician Times","37","Lighting guides: lamps, fixtures, layouts, controls and lighting design for homes and workplaces.","97","https://electriciantimes.com/category/lighting/","index, follow, max-image-preview:large","1"
"https://electriciantimes.com/category/loops/","Loops Archives - Electrician Times","34","Current loops and signal circuits used in measurement and control systems.","74","https://electriciantimes.com/category/loops/","index, follow, max-image-preview:large","1"
"https://electriciantimes.com/category/machines/","Machines Archives - Electrician Times","37","Electrical machines: motors, generators and the equipment that drives industry.","79","https://electriciantimes.com/category/machines/","index, follow, max-image-preview:large","1"
"https://electriciantimes.com/category/meters/","Meters Archives - Electrician Times","35","Electricity meters and measurement: how metering works and what the readings mean.","82","https://electriciantimes.com/category/meters/","index, follow, max-image-preview:large","1"
"https://electriciantimes.com/category/power-lines/","Power Lines Archives - Electrician Times","40","Power lines and distribution: clearances, safety zones and how electricity reaches buildings.","93","https://electriciantimes.com/category/power-lines/","index, follow, max-image-preview:large","1"
"https://electriciantimes.com/category/socket/","Socket Archives - Electrician Times","35","Sockets and outlets: types, ratings, brands and installation advice.","68","https://electriciantimes.com/category/socket/","index, follow, max-image-preview:large","1"
"https://electriciantimes.com/category/uncategorized/","Uncategorized Archives - Electrician Times","42","General articles from Electrician Times.","40","https://electriciantimes.com/category/uncategorized/","index, follow, max-image-preview:large","1"
"https://electriciantimes.com/category/wire/","Wire Archives - Electrician Times","33","Wires and conductors: sizes, materials, insulation and choosing the right wire for the job.","91","https://electriciantimes.com/category/wire/","index, follow, max-image-preview:large","1"
"https://electriciantimes.com/category/wiring/","Wiring Archives - Electrician Times","35","Wiring guides: planning, layouts, junctions and safe wiring practice for buildings.","83","https://electriciantimes.com/category/wiring/","index, follow, max-image-preview:large","1"
"https://electriciantimes.com/choosing-the-right-quick-turn-pcb-assembly-partner-factors-to-consider-for-your-project/","Find the Best Quick Turn PCB Assembly Partner","45","Discover factors to choose the right quick-turn PCB assembly partner. Ensure faster production, testing for your projects.","122","https://electriciantimes.com/choosing-the-right-quick-turn-pcb-assembly-partner-factors-to-consider-for-your-project/","index, follow, max-image-preview:large","1"
"https://electriciantimes.com/commercial-electricians-and-retail-fit-outs-what-really-matters/","Commercial Electricians and Retail Fit-Outs: What Really Matters - Electrician Times","84","The Importance of Electrical Work in Retail Fit-Outs When it comes to retail fit-outs, there are few things more critical than the electrical work…","147","https://electriciantimes.com/commercial-electricians-and-retail-fit-outs-what-really-matters/","index, follow, max-image-preview:large","1"
"https://electriciantimes.com/comparison-of-three-best-smart-meters-of-2023/","Comparison Of Three Best Smart Meters Of 2023 - Electrician Times","65","In this article, we will look at the best electricity meters, compile the top meters of 2023, and also discuss the advantages of “smart” metering…","146","https://electriciantimes.com/comparison-of-three-best-smart-meters-of-2023/","index, follow, max-image-preview:large","1"
"https://electriciantimes.com/contact-us/","Contact Us - Electrician Times","30","At ElectricianTimes, we're always here to help you with your electrical needs. Whether you have a question, need advice, or want to schedule a…","143","https://electriciantimes.com/contact-us/","index, follow, max-image-preview:large","1"
"https://electriciantimes.com/customer-reviews-and-experiences-with-summit-electric-supply/","Customer Reviews and Experiences with Summit Electric Supply - Electrician Times","80","Introduction to Summit Electric Supply Summit Electric Supply is a leading distributor of electrical supplies, renowned for its extensive inventory and…","152","https://electriciantimes.com/customer-reviews-and-experiences-with-summit-electric-supply/","index, follow, max-image-preview:large","1"
"https://electriciantimes.com/customer-reviews-real-experiences-with-semper-solaris/","Customer Reviews Real Experiences with Semper Solaris - Electrician Times","73","Choosing a solar company can be daunting with the multitude of options available. Semper Solaris has established itself as a leader among San Diego…","148","https://electriciantimes.com/customer-reviews-real-experiences-with-semper-solaris/","index, follow, max-image-preview:large","1"
"https://electriciantimes.com/difavtomat-or-uzo-rcd-device-connecting-the-differential/","Difavtomat or UZO. RCD device. Connecting the differential - Electrician Times","78","Home electrical is a rather complex and varied topic, and every homeowner should know the basic details, since not only financial costs, but also the…","150","https://electriciantimes.com/difavtomat-or-uzo-rcd-device-connecting-the-differential/","index, follow, max-image-preview:large","1"
"https://electriciantimes.com/digital-substations-pros-and-cons/","Digital Substations: Pros And Cons - Electrician Times","54","In modern technology, there is a clear emphasis on digital technology. Various systems acquire the ability to be remotely controlled and can exchange…","150","https://electriciantimes.com/digital-substations-pros-and-cons/","index, follow, max-image-preview:large","1"
"https://electriciantimes.com/disclaimer/","Disclaimer - Electrician Times","30","Important information about the limits of the guidance published on Electrician Times and the need to use qualified electricians.","129","https://electriciantimes.com/disclaimer/","index, follow, max-image-preview:large","1"
"https://electriciantimes.com/diy-electric-heated-floor/","DIY Electric Heated Floor - Electrician Times","45","Many owners of apartments and private houses at the construction stage and during renovations decide to create more comfortable living conditions. The…","151","https://electriciantimes.com/diy-electric-heated-floor/","index, follow, max-image-preview:large","1"
"https://electriciantimes.com/dmx-lighting-solutions-a-perfect-fit-for-car-washes/","DMX Lighting Solutions: A Perfect Fit for Car Washes - Electrician Times","72","When humans visit a room, lights can trade how they sense. It can make a normal room thrilling and current. That's why many vehicle wash proprietors…","149","https://electriciantimes.com/dmx-lighting-solutions-a-perfect-fit-for-car-washes/","index, follow, max-image-preview:large","1"
"https://electriciantimes.com/do-it-yourself-grounding-device-in-a-private-house/","Do-it-yourself Grounding Device In A Private House - Electrician Times","70","Constantly using a 220-volt household power supply, we do not think about the dangers of high voltage. Long-term trouble-free operation of electrical…","150","https://electriciantimes.com/do-it-yourself-grounding-device-in-a-private-house/","index, follow, max-image-preview:large","1"
"https://electriciantimes.com/earthing-systems-explained-tn-tt-it/","Earthing Systems Explained: TN, TT and IT - Electrician Times","61","TN-S, TN-C-S, TT and IT describe how a supply is earthed — and they decide how fault current gets back to the source. A plain-language tour of the IEC earthing systems.","168","https://electriciantimes.com/earthing-systems-explained-tn-tt-it/","index, follow, max-image-preview:large","1"
"https://electriciantimes.com/editorial-policy/","Editorial Policy - Electrician Times","36","How Electrician Times selects, writes, reviews and updates its articles, and how we handle corrections, guest posts and safety guidance.","136","https://electriciantimes.com/editorial-policy/","index, follow, max-image-preview:large","1"
"https://electriciantimes.com/electric-power-challenges-and-solutions-in-border-states/","Electric Power Challenges and Solutions in Border States - Electrician Times","76","The border states of the United States face unique challenges in managing their electric power supply. Due to their geographic location and demographic…","152","https://electriciantimes.com/electric-power-challenges-and-solutions-in-border-states/","index, follow, max-image-preview:large","1"
"https://electriciantimes.com/electrical-safety-in-property-maintenance/","Electrical Safety in Property Maintenance - Electrician Times","61","Maintaining a safe property environment is critical, especially when it comes to electrical safety. Whether you’re a property manager, maintenance…","147","https://electriciantimes.com/electrical-safety-in-property-maintenance/","index, follow, max-image-preview:large","1"
"https://electriciantimes.com/electrical-wire-colors-us-uk-eu-compared/","Electrical Wire Colors: US, UK &amp; EU Compared - Electrician Times","68","What wire colors mean in the US, UK, EU and Australia — live, neutral and earth conductors compared, plus older color systems you may still find in walls.","154","https://electriciantimes.com/electrical-wire-colors-us-uk-eu-compared/","index, follow, max-image-preview:large","1"
"https://electriciantimes.com/electrician-newcastle-your-trusted-electrical-expert/","Electrician Newcastle Your Trusted Electrical Expert - Electrician Times","72","Electrical work is an essential aspect of any home or business, requiring precision, expertise, and safety compliance. Whether you need a simple repair…","152","https://electriciantimes.com/electrician-newcastle-your-trusted-electrical-expert/","index, follow, max-image-preview:large","1"
"https://electriciantimes.com/electrifying-transformation-a-case-study-in-modernizing-the-skelly-build-tarrytown-home/","Electrifying Transformation: A Case Study in Modernizing the Skelly Build Tarrytown Home - Electrician Times","108","All successful home renovations or custom builds hinge on solid foundations. We often find ourselves captivated by the visual pieces, the finishes, the…","152","https://electriciantimes.com/electrifying-transformation-a-case-study-in-modernizing-the-skelly-build-tarrytown-home/","index, follow, max-image-preview:large","1"
"https://electriciantimes.com/energy-saving-lamp-do-it-yourself-repair/","Energy-Saving Lamp: Do-It-Yourself Repair - Electrician Times","61","When manufacturers began mass-producing compact fluorescent lamps, they claimed that they saved energy. And money? After all, their service life is…","148","https://electriciantimes.com/energy-saving-lamp-do-it-yourself-repair/","index, follow, max-image-preview:large","1"
"https://electriciantimes.com/ensuring-safety-and-performance-a-guide-to-genuine-cable-selection/","Ensuring Safety and Performance A Guide to Genuine Cable Selection - Electrician Times","86","In the realm of electrical installations, selecting the right cable is crucial to ensuring safety, performance, and longevity. With a myriad of options…","152","https://electriciantimes.com/ensuring-safety-and-performance-a-guide-to-genuine-cable-selection/","index, follow, max-image-preview:large","1"
"https://electriciantimes.com/essential-tools-for-apprentice-electricians/","Essential Tools for Apprentice Electricians - Electrician Times","63","The starter toolkit that actually earns its keep: insulated hand tools, testers you can trust your life to, and the buying order that saves apprentices money.","158","https://electriciantimes.com/essential-tools-for-apprentice-electricians/","index, follow, max-image-preview:large","1"
"https://electriciantimes.com/exploring-kim-lighting-key-advantages-and-solutions-for-modern-illumination/","Exploring Kim Lighting Key Advantages and Solutions for Modern Illumination - Electrician Times","95","cKim Lighting has established itself as a leader in the field of modern illumination. Known for its innovative approach and high-quality products, Kim…","151","https://electriciantimes.com/exploring-kim-lighting-key-advantages-and-solutions-for-modern-illumination/","index, follow, max-image-preview:large","1"
"https://electriciantimes.com/exploring-the-best-options-for-world-electric-supply/","Exploring the Best Options for World Electric Supply - Electrician Times","72","Navigating the world of electric supply can be a daunting task, given the myriad of options available. Understanding the key players in the market…","147","https://electriciantimes.com/exploring-the-best-options-for-world-electric-supply/","index, follow, max-image-preview:large","1"
"https://electriciantimes.com/exploring-the-technology-behind-american-power-systems/","Exploring the Technology Behind American Power Systems - Electrician Times","74","The modern world relies heavily on efficient and reliable power systems to ensure that homes, businesses, and industries operate smoothly. American…","148","https://electriciantimes.com/exploring-the-technology-behind-american-power-systems/","index, follow, max-image-preview:large","1"
"https://electriciantimes.com/extension-cord-safety-guide/","Extension Cord Safety: A Practical Guide - Electrician Times","60","Extension cords cause thousands of preventable fires and injuries. How to choose the right cord, the mistakes that overheat them, and when an extension lead is the wrong answer.","177","https://electriciantimes.com/extension-cord-safety-guide/","index, follow, max-image-preview:large","1"
"https://electriciantimes.com/fire-safety-of-electrical-installations-why-is-afdd-ineffective/","Fire safety of electrical installations. Why is AFDD ineffective? - Electrician Times","85","Introduction. Timely response to the emergence and development of fire hazardous conditions in the monograph [1] was proposed to be carried out taking…","151","https://electriciantimes.com/fire-safety-of-electrical-installations-why-is-afdd-ineffective/","index, follow, max-image-preview:large","1"
"https://electriciantimes.com/fpga-vs-asic-understanding-the-differences-and-choosing-the-right-solution/","FPGA vs. ASIC Understanding the Differences and Choosing the Right Solution - Electrician Times","95","In the world of digital electronics, choosing between Field-Programmable Gate Arrays (FPGAs) and Application-Specific Integrated Circuits (ASICs) can…","150","https://electriciantimes.com/fpga-vs-asic-understanding-the-differences-and-choosing-the-right-solution/","index, follow, max-image-preview:large","1"
"https://electriciantimes.com/hamro-solar-llc/","Hamro Solar LLC | Affordable Solar Energy Solutions","51","Hamro Solar LLC provides affordable solar panel installation, energy storage, and maintenance services to lower energy costs.","125","https://electriciantimes.com/hamro-solar-llc/","index, follow, max-image-preview:large","1"
"https://electriciantimes.com/home-electrical-safety-a-essential-checklist-for-homeowners/","Home Electrical Safety A Essential Checklist for Homeowners - Electrician Times","79","Electricity is an essential part of our modern lives, powering our homes and appliances. However, its immense convenience comes with inherent risks…","148","https://electriciantimes.com/home-electrical-safety-a-essential-checklist-for-homeowners/","index, follow, max-image-preview:large","1"
"https://electriciantimes.com/home-electrical-safety-checklist/","Home Electrical Safety Checklist: 12 Warning Signs - Electrician Times","70","Most electrical fires announce themselves first. A 12-point home electrical safety checklist — the warning signs, what each one means and which ones require an electrician today.","178","https://electriciantimes.com/home-electrical-safety-checklist/","index, follow, max-image-preview:large","1"
"https://electriciantimes.com/how-franklin-submersible-pumps-improve-efficiency-in-agriculture-and-irrigation/","How Franklin Submersible Pumps Improve Efficiency in Agriculture and Irrigation - Electrician Times","99","The Power Behind Reliable Water Management Franklin Submersible Pumps are a game changer for farmers and irrigation professionals looking for…","142","https://electriciantimes.com/how-franklin-submersible-pumps-improve-efficiency-in-agriculture-and-irrigation/","index, follow, max-image-preview:large","1"
"https://electriciantimes.com/how-geelong-electricians-are-adapting-to-sustainable-and-green-energy-solutions/","How Geelong Electricians Offer Sustainable Energy Solutions","59","Discover how Geelong electricians deliver solar energy, battery storage, and more to help your home save big and go green.","122","https://electriciantimes.com/how-geelong-electricians-are-adapting-to-sustainable-and-green-energy-solutions/","index, follow, max-image-preview:large","1"
"https://electriciantimes.com/how-pcb-assembly-drives-efficiency-in-industrial-automation/","Industrial Automation PCB Assembly","34","Explore the role, process, benefits, and applications of PCB assembly in industrial automation for efficient production.","120","https://electriciantimes.com/how-pcb-assembly-drives-efficiency-in-industrial-automation/","index, follow, max-image-preview:large","1"
"https://electriciantimes.com/how-technological-advances-are-revolutionizing-the-electrical-industry/","How Technological Advances Are Revolutionizing the Electrical Industry - Electrician Times","90","The electrical industry is experiencing a period of rapid transformation, driven by significant technological advances. These innovations are reshaping…","152","https://electriciantimes.com/how-technological-advances-are-revolutionizing-the-electrical-industry/","index, follow, max-image-preview:large","1"
"https://electriciantimes.com/how-to-build-the-perfect-deck-an-electricians-guide-to-outdoor-living-spaces/","How to Build the Perfect Deck An Electrician&#39;s Guide to Outdoor Living Spaces - Electrician Times","101","Building the perfect deck isn’t just about sturdy lumber and beautiful design, it’s about the whole picture, importantly getting the electrical systems…","152","https://electriciantimes.com/how-to-build-the-perfect-deck-an-electricians-guide-to-outdoor-living-spaces/","index, follow, max-image-preview:large","1"
"https://electriciantimes.com/how-to-calculate-wire-cross-section/","How To Calculate Wire Cross-section - Electrician Times","55","If you decide to independently replace or repair the electrical wiring installed around the house, you first need to answer the question: what…","143","https://electriciantimes.com/how-to-calculate-wire-cross-section/","index, follow, max-image-preview:large","1"
"https://electriciantimes.com/how-to-choose-and-implement-sea-wire-for-optimal-performance/","How to Choose and Implement Sea Wire for Optimal Performance - Electrician Times","80","Selecting and implementing the right wire and cable solutions is crucial for achieving optimal performance in various applications. Sea Wire and Cable…","151","https://electriciantimes.com/how-to-choose-and-implement-sea-wire-for-optimal-performance/","index, follow, max-image-preview:large","1"
"https://electriciantimes.com/how-to-connect-a-home-electricity-meter/","How To Connect A Home Electricity Meter - Electrician Times","59","In this article, we will step by step consider the process of installing and connecting a home single-phase electricity meter. It must be said right…","149","https://electriciantimes.com/how-to-connect-a-home-electricity-meter/","index, follow, max-image-preview:large","1"
"https://electriciantimes.com/how-to-connect-wires-correctly-to-each-other-7-time-tested-methods/","How to connect wires correctly to each other: 7 time-tested methods - Electrician Times","87","Malfunctions in a household network, according to statistics, most often occur due to poor electrical contact, when it is broken where it should be or…","151","https://electriciantimes.com/how-to-connect-wires-correctly-to-each-other-7-time-tested-methods/","index, follow, max-image-preview:large","1"
"https://electriciantimes.com/how-to-emigrate-to-australia-as-an-electrician/","How to Emigrate to Australia as an Electrician - Electrician Times","66","Australia continues to face a chronic shortage of skilled tradespeople across every state and territory. Among the most in-demand occupations are…","146","https://electriciantimes.com/how-to-emigrate-to-australia-as-an-electrician/","index, follow, max-image-preview:large","1"
"https://electriciantimes.com/how-to-market-your-electrical-service-business-effectively/","How to Market Your Electrical Service Business Effectively - Electrician Times","78","In today's competitive market, effectively marketing your electrical service business is essential for growth and success. Whether you are a small…","147","https://electriciantimes.com/how-to-market-your-electrical-service-business-effectively/","index, follow, max-image-preview:large","1"
"https://electriciantimes.com/how-to-read-your-electricity-meter/","How to Read Your Electricity Meter - Electrician Times","54","Reading your own electricity meter takes a minute and catches billing errors. How to read dial meters, digital displays and smart meters — and what a kWh actually measures.","172","https://electriciantimes.com/how-to-read-your-electricity-meter/","index, follow, max-image-preview:large","1"
"https://electriciantimes.com/how-to-repair-an-led-flood-light-a-simple-and-easy-guide/","How to Repair an LED Flood Light? A Simple and Easy Guide - Electrician Times","77","LED floodlights are used in lots of locations. They offer more potent mild, use much less power, and last longer. You will locate them in houses…","145","https://electriciantimes.com/how-to-repair-an-led-flood-light-a-simple-and-easy-guide/","index, follow, max-image-preview:large","1"
"https://electriciantimes.com/how-to-save-energy-at-home-with-energy-efficiency-solutions/","Energy-Efficient Electrical Solutions for Modern Homes","54","Create an energy-efficient home with tips on lighting, insulation, and solar power. Save energy and cut costs.","110","https://electriciantimes.com/how-to-save-energy-at-home-with-energy-efficiency-solutions/","index, follow, max-image-preview:large","1"
"https://electriciantimes.com/hs-classification-of-electrical-cables-what-you-need-to-know/","HS Classification of Electrical Cables: What You Need to Know - Electrician Times","81","Cables come in various forms, each classified under different Harmonized System (HS) codes based on their specifications and intended use. Proper…","146","https://electriciantimes.com/hs-classification-of-electrical-cables-what-you-need-to-know/","index, follow, max-image-preview:large","1"
"https://electriciantimes.com/industrial-automation-market-forecast-for-the-next-5-years-key-drivers-and-opportunities/","Industrial Automation Market Forecast for the Next 5 Years: Key Drivers and Opportunities - Electrician Times","109","Industrial Automation Market Forecast for the Next 5 Years: Key Drivers and Opportunities The global industrial automation market is poised for…","144","https://electriciantimes.com/industrial-automation-market-forecast-for-the-next-5-years-key-drivers-and-opportunities/","index, follow, max-image-preview:large","1"
"https://electriciantimes.com/innovative-electrical-solutions-by-all-phase-electric/","Innovative Electrical Solutions by All Phase Electric - Electrician Times","73","All Phase Electric is a leading provider of innovative electrical solutions, offering a wide range of products and services to meet the needs of…","145","https://electriciantimes.com/innovative-electrical-solutions-by-all-phase-electric/","index, follow, max-image-preview:large","1"
"https://electriciantimes.com/installation-tips-for-light-pole-base-anchor-bolts/","Installation Tips for Light Pole Base Anchor Bolts - Electrician Times","70","Installing light pole base anchor bolts is a critical task that ensures the stability and durability of light poles in various environments. This guide…","152","https://electriciantimes.com/installation-tips-for-light-pole-base-anchor-bolts/","index, follow, max-image-preview:large","1"
"https://electriciantimes.com/interlux-lighting-brightening-your-home-with-style-and-efficiency/","Interlux Lighting: Brightening Your Home with Style and Efficiency - Electrician Times","86","Lighting is an essential element of home design, influencing both the ambiance and functionality of your living spaces. Interlux Lighting stands out as…","152","https://electriciantimes.com/interlux-lighting-brightening-your-home-with-style-and-efficiency/","index, follow, max-image-preview:large","1"
"https://electriciantimes.com/introduction-to-different-types-of-electronic-connectors/","Introduction to Different Types of Electronic Connectors - Electrician Times","76","Electronic connectors play an essential role in ensuring the seamless transmission of power, signals, and data across various devices and systems…","146","https://electriciantimes.com/introduction-to-different-types-of-electronic-connectors/","index, follow, max-image-preview:large","1"
"https://electriciantimes.com/key-considerations-when-choosing-pcb-fabrication-manufacturer-for-your-project/","PCB Fabrication Manufacturer Guide","34","Explore key factors for choosing a reliable PCB fabrication manufacturer, including quality, customization and cost considerations.","131","https://electriciantimes.com/key-considerations-when-choosing-pcb-fabrication-manufacturer-for-your-project/","index, follow, max-image-preview:large","1"
"https://electriciantimes.com/kitchen-renovation-mistakes-that-could-spark-electrical-trouble/","Kitchen Renovation Mistakes That Could Spark Electrical Trouble - Electrician Times","83","Renovating a kitchen can breathe new life into your home, but without proper planning, it can also create serious safety hazards, especially when it…","149","https://electriciantimes.com/kitchen-renovation-mistakes-that-could-spark-electrical-trouble/","index, follow, max-image-preview:large","1"
"https://electriciantimes.com/led-garland-do-it-yourself/","LED Garland - Do It Yourself - Electrician Times","48","The relevance of making New Year's garland is now extremely high. But it will fall to zero on December 31st. Therefore, I’ll quickly tell you how I…","148","https://electriciantimes.com/led-garland-do-it-yourself/","index, follow, max-image-preview:large","1"
"https://electriciantimes.com/led-lights-flickering-causes-fixes/","Why LED Lights Flicker &amp; How to Fix It - Electrician Times","62","Flickering LEDs are usually a compatibility problem, not a faulty lamp. The real causes — dimmer mismatch, cheap drivers, loose connections and voltage dips — and how to fix each one.","183","https://electriciantimes.com/led-lights-flickering-causes-fixes/","index, follow, max-image-preview:large","1"
"https://electriciantimes.com/led-rain-garland-types-and-installation-features/","LED Rain Garland: Types And Installation Features - Electrician Times","69","Lighting plays a key role in creating a festive atmosphere at any time of the year. Among the numerous options for decorative lighting, a special place…","152","https://electriciantimes.com/led-rain-garland-types-and-installation-features/","index, follow, max-image-preview:large","1"
"https://electriciantimes.com/level-2-asp-in-sydney-what-they-can-do-and-when-you-actually-need-one/","Level 2 ASP in Sydney: What They Can Do and When You Actually Need One - Electrician Times","90","If you’ve been told you need a Level 2 ASP and your first thought, “‘Isn’t an electrician an electrician?”, you’re not alone. Sydney households hear…","149","https://electriciantimes.com/level-2-asp-in-sydney-what-they-can-do-and-when-you-actually-need-one/","index, follow, max-image-preview:large","1"
"https://electriciantimes.com/licensed-electricians-for-renovation-safety/","Licensed Electricians Home Renovation Safety","44","Renovation safety improves with licensed electricians who find hidden wiring issues and complete safe, code-compliant upgrades in Toronto.","138","https://electriciantimes.com/licensed-electricians-for-renovation-safety/","index, follow, max-image-preview:large","1"
"https://electriciantimes.com/maximize-efficiency-with-ideal-electrical-tools/","Maximize Efficiency with Ideal Electrical Tools - Electrician Times","67","available, Ideal Electrical Tools stands out for its quality and reliability. This blog post explores how to maximize efficiency with the right…","144","https://electriciantimes.com/maximize-efficiency-with-ideal-electrical-tools/","index, follow, max-image-preview:large","1"
"https://electriciantimes.com/maximizing-energy-efficiency-in-your-bathroom-a-guide-for-eco-friendly-upgrades/","Energy-Efficient Bathroom Upgrades for Eco-Friendly Living","58","Discover energy-saving bathroom tips, from LED lighting and tankless water heaters to proper ventilation,for eco-friendly living.","129","https://electriciantimes.com/maximizing-energy-efficiency-in-your-bathroom-a-guide-for-eco-friendly-upgrades/","index, follow, max-image-preview:large","1"
"https://electriciantimes.com/mc-cable-a-practical-guide-to-its-features-and-installation/","MC Cable A Practical Guide to Its Features and Installation - Electrician Times","79","MC cable, or Metal-Clad cable, is a widely used electrical cable that provides durability and safety in various wiring applications. This guide will…","149","https://electriciantimes.com/mc-cable-a-practical-guide-to-its-features-and-installation/","index, follow, max-image-preview:large","1"
"https://electriciantimes.com/membrane-switch-essentials-top-8-design-insights/","Membrane Switch Essentials: Top 8 Design Insights - Electrician Times","69","1. Introduction to Membrane Switch Membrane switch is low-profile, cost-effective solutions for user interfaces across various devices. Known for their…","152","https://electriciantimes.com/membrane-switch-essentials-top-8-design-insights/","index, follow, max-image-preview:large","1"
"https://electriciantimes.com/navigating-the-licensing-process-in-canada-as-a-foreign-trained-electrician/","Navigating the Licensing Process in Canada as a Foreign-Trained Electrician - Electrician Times","95","Foreign-trained electricians who want to work in Canada need to understand the complete process of obtaining Canadian electrical licenses. Canada…","146","https://electriciantimes.com/navigating-the-licensing-process-in-canada-as-a-foreign-trained-electrician/","index, follow, max-image-preview:large","1"
"https://electriciantimes.com/new-orleans-electrician-services-and-their-importance-in-modern-infrastructure/","New Orleans Electrician Services and Their Importance in Modern Infrastructure - Electrician Times","98","Electricity has become one of the essential components in both homes and businesses. From powering everyday appliances to ensuring the smooth operation…","152","https://electriciantimes.com/new-orleans-electrician-services-and-their-importance-in-modern-infrastructure/","index, follow, max-image-preview:large","1"
"https://electriciantimes.com/new-orleans-electrician-services-for-residential-and-commercial-needs/","New Orleans Electrician Services for Residential and Commercial Needs - Electrician Times","89","Electricity plays a critical role in homes and businesses, making the role of a skilled electrician essential. Whether for installations, repairs, or…","150","https://electriciantimes.com/new-orleans-electrician-services-for-residential-and-commercial-needs/","index, follow, max-image-preview:large","1"
"https://electriciantimes.com/planning-the-electrical-wiring-of-a-country-house/","Planning The Electrical Wiring Of A Country House - Electrician Times","69","This is the first article in which I will tell you my ideas for installing electrical wiring. I am planning a continuation, where I will tell you about…","152","https://electriciantimes.com/planning-the-electrical-wiring-of-a-country-house/","index, follow, max-image-preview:large","1"
"https://electriciantimes.com/powering-up-your-home-10-electrical-projects-that-make-a-big-impact/","Powering Up Your Home: 10 Electrical Projects That Make a Big Impact - Electrician Times","88","Ever feel like your home could use a serious upgrade? Not a full-blown renovation, just smart electrical projects that add convenience, efficiency, and…","152","https://electriciantimes.com/powering-up-your-home-10-electrical-projects-that-make-a-big-impact/","index, follow, max-image-preview:large","1"
"https://electriciantimes.com/privacy-policy/","Privacy Policy - Electrician Times","34","Welcome to ElectricianTimes. Your privacy is critically important to us. ElectricianTimes is committed to protecting your personal information and your…","152","https://electriciantimes.com/privacy-policy/","index, follow, max-image-preview:large","1"
"https://electriciantimes.com/rcd-vs-rcbo-vs-gfci-differences/","RCD vs RCBO vs GFCI: The Differences Explained - Electrician Times","66","RCD, RCBO, GFCI and difavtomat are overlapping names for residual-current protection. Here's what each device does, how they differ and where each is used.","155","https://electriciantimes.com/rcd-vs-rcbo-vs-gfci-differences/","index, follow, max-image-preview:large","1"
"https://electriciantimes.com/refinement-of-led-lamp-circuits/","Refinement Of LED Lamp Circuits - Electrician Times","51","We will talk about modern LED light bulbs, which have now become more affordable. The ideas for improving LED lamps outlined in the article will be…","148","https://electriciantimes.com/refinement-of-led-lamp-circuits/","index, follow, max-image-preview:large","1"
"https://electriciantimes.com/review-of-pue-standards-for-grounding-loop/","Review Of PUE Standards For Grounding Loop - Electrician Times","62","When constructing a new residential building, property owners try to provide it with various means of protection, including from lightning strikes. To…","151","https://electriciantimes.com/review-of-pue-standards-for-grounding-loop/","index, follow, max-image-preview:large","1"
"https://electriciantimes.com/search/","Search - Electrician Times","26","Search every article on Electrician Times — guides on electrical work, wiring, tools, devices and safety.","105","https://electriciantimes.com/search/","noindex, follow","1"
"https://electriciantimes.com/security-zones-of-power-lines-and-rules-for-staying-in-them/","Security zones of power lines and rules for staying in them - Electrician Times","79","The security zone of power lines is a zone located on both sides of the power line, in the form of a piece of land, a body of water, which also…","144","https://electriciantimes.com/security-zones-of-power-lines-and-rules-for-staying-in-them/","index, follow, max-image-preview:large","1"
"https://electriciantimes.com/sitemap/","Sitemap - Electrician Times","27","Browse every article, category and page on Electrician Times from one place.","76","https://electriciantimes.com/sitemap/","index, follow, max-image-preview:large","1"
"https://electriciantimes.com/storm-season-in-melbourne-why-wiring-checks-and-emergency-electrical-support-matter/","Storm Season in Melbourne? Why Wiring Checks and Emergency Electrical Support Matter - Electrician Times","104","There’s nothing like a Melbourne storm to remind you just how fragile our home comforts can be. One minute you’re cooking dinner for the family, and…","149","https://electriciantimes.com/storm-season-in-melbourne-why-wiring-checks-and-emergency-electrical-support-matter/","index, follow, max-image-preview:large","1"
"https://electriciantimes.com/sustainable-solutions-in-electrical-design-and-implementation/","Sustainable Solutions in Electrical Design and Implementation - Electrician Times","81","In an age where sustainability is imperative rather than optional, the electrical engineering sector faces a pivotal juncture. In light of the issues…","150","https://electriciantimes.com/sustainable-solutions-in-electrical-design-and-implementation/","index, follow, max-image-preview:large","1"
"https://electriciantimes.com/terminal-blocks-for-connecting-wires-their-types-and-scope-of-application/","Terminal Blocks For Connecting Wires, Their Types And Scope Of Application - Electrician Times","94","In the process of performing electrical wiring, every master is necessarily faced with such an activity as connecting sections with a wire to each…","147","https://electriciantimes.com/terminal-blocks-for-connecting-wires-their-types-and-scope-of-application/","index, follow, max-image-preview:large","1"
"https://electriciantimes.com/terms-and-conditions/","Terms And Conditions - Electrician Times","40","Welcome to ElectricianTimes! These terms and conditions outline the rules and regulations for the use of ElectricianTimes's Website, located at…","144","https://electriciantimes.com/terms-and-conditions/","index, follow, max-image-preview:large","1"
"https://electriciantimes.com/the-benefits-of-choosing-gordon-electric-supply-for-your-projects/","The Benefits of Choosing Gordon Electric Supply for Your Projects - Electrician Times","85","When it comes to sourcing electrical supplies for your projects, selecting a reliable and comprehensive provider is crucial. Gordon Electric Supply…","148","https://electriciantimes.com/the-benefits-of-choosing-gordon-electric-supply-for-your-projects/","index, follow, max-image-preview:large","1"
"https://electriciantimes.com/the-benefits-of-upgrading-to-above-all-lighting-systems/","The Benefits of Upgrading to Above All Lighting Systems - Electrician Times","75","Why Choose Above All Lighting? Upgrading to Above All Lighting systems offers numerous advantages for both residential and commercial spaces. Known for…","152","https://electriciantimes.com/the-benefits-of-upgrading-to-above-all-lighting-systems/","index, follow, max-image-preview:large","1"
"https://electriciantimes.com/the-benefits-of-working-with-a-professional-solar-panel-electrician/","The Benefits of Working with a Professional Solar Panel Electrician - Electrician Times","87","The shift towards renewable energy has led many homeowners and businesses to consider installing solar panels. While some may be tempted to take the…","149","https://electriciantimes.com/the-benefits-of-working-with-a-professional-solar-panel-electrician/","index, follow, max-image-preview:large","1"
"https://electriciantimes.com/the-evolution-of-access-control-systems-for-homes-and-businesses/","The Evolution of Access Control Systems for Homes and Businesses - Electrician Times","84","Gone are the days where you can simply leave a key under the doormat or a rock and leave your property with confidence. It’s known that thieves are…","148","https://electriciantimes.com/the-evolution-of-access-control-systems-for-homes-and-businesses/","index, follow, max-image-preview:large","1"
"https://electriciantimes.com/the-importance-of-solar-panel-repairs-and-lighting-services-for-your-home-in-new-jersey/","The Importance of Solar Panel Repairs and Lighting Services for Your Home in New Jersey - Electrician Times","107","Solar energy has become a significant part of the energy landscape in New Jersey, providing homeowners with a sustainable, cost-effective alternative…","150","https://electriciantimes.com/the-importance-of-solar-panel-repairs-and-lighting-services-for-your-home-in-new-jersey/","index, follow, max-image-preview:large","1"
"https://electriciantimes.com/the-key-tools-every-modern-electrician-should-know/","The Key Tools Every Modern Electrician Should Know - Electrician Times","70","Working effectively as an electrician means having the right skills and knowledge. But it also means having the right tools. In the modern age…","143","https://electriciantimes.com/the-key-tools-every-modern-electrician-should-know/","index, follow, max-image-preview:large","1"
"https://electriciantimes.com/the-lifespan-of-solar-panels-how-long-do-they-last/","The Lifespan of Solar Panels: How Long Do They Last?","52","Discover how solar panel maintenance extends system lifespan. Learn key factors affecting longevity &amp; tips!","111","https://electriciantimes.com/the-lifespan-of-solar-panels-how-long-do-they-last/","index, follow, max-image-preview:large","1"
"https://electriciantimes.com/the-power-grids-virtual-future/","The Power Grid&#39;s Virtual Future - Electrician Times","55","The power grid has long been essential to present-day societies, quietly fueling our lamps and machines, and keeping digital data flowing without…","146","https://electriciantimes.com/the-power-grids-virtual-future/","index, follow, max-image-preview:large","1"
"https://electriciantimes.com/the-role-of-independent-electric-supply-in-sustainable-energy-practices/","The Role of Independent Electric Supply in Sustainable Energy Practices - Electrician Times","91","As the world increasingly shifts towards sustainable energy practices, the role of independent electric supply companies has become crucial. These…","147","https://electriciantimes.com/the-role-of-independent-electric-supply-in-sustainable-energy-practices/","index, follow, max-image-preview:large","1"
"https://electriciantimes.com/the-role-of-iot-in-modern-electrical-systems/","The Role of IoT in Modern Electrical Systems - Electrician Times","64","In today’s fast-evolving technological landscape, the Internet of Things (IoT) is transforming industries across the board. For electricians and…","145","https://electriciantimes.com/the-role-of-iot-in-modern-electrical-systems/","index, follow, max-image-preview:large","1"
"https://electriciantimes.com/the-role-of-semiconductors-in-modern-electrical-systems-innovations-and-trends/","The Role of Semiconductors in Modern Electrical Systems: Innovations and Trends - Electrician Times","99","The Role of Semiconductors in Modern Electrical Systems: Innovations and Trends Who would have thought that semiconductors are the driving forces…","146","https://electriciantimes.com/the-role-of-semiconductors-in-modern-electrical-systems-innovations-and-trends/","index, follow, max-image-preview:large","1"
"https://electriciantimes.com/the-top-7-electrical-upgrades-to-boost-your-homes-value-in-2024/","The Top 7 Electrical Upgrades to Boost Your Home&#39;s Value in 2024 - Electrician Times","88","As the housing market becomes increasingly competitive, homeowners are looking for ways to stand out and maximise their property value. Electrical…","147","https://electriciantimes.com/the-top-7-electrical-upgrades-to-boost-your-homes-value-in-2024/","index, follow, max-image-preview:large","1"
"https://electriciantimes.com/trusted-electrician-solutions-your-partner-in-reliable-electrical-services/","Trusted Electrician Solutions: Your Partner in Reliable Electrical Services - Electrician Times","95","When it comes to electrical work, reliability and expertise are essential. Trusted Electrician Solutions offers a wide range of services designed to…","149","https://electriciantimes.com/trusted-electrician-solutions-your-partner-in-reliable-electrical-services/","index, follow, max-image-preview:large","1"
"https://electriciantimes.com/ul-certification-the-complete-guide-on-the-ul-labels/","UL Certification: The Complete Guide on the UL Labels - Electrician Times","73","Introduction UL, or Underwriters Laboratories, is one of the most recognized safety certification organizations globally. Established in 1894, UL is…","149","https://electriciantimes.com/ul-certification-the-complete-guide-on-the-ul-labels/","index, follow, max-image-preview:large","1"
"https://electriciantimes.com/understanding-circuit-breakers-types-and-functions/","Understanding Circuit Breakers Types and Functions - Electrician Times","70","Circuit breakers play a crucial role in electrical systems by protecting circuits from overloads and short circuits. Understanding the types and…","145","https://electriciantimes.com/understanding-circuit-breakers-types-and-functions/","index, follow, max-image-preview:large","1"
"https://electriciantimes.com/walters-wholesale-electric-co-innovation-and-excellence-in-electrical-supply/","Walters Wholesale Electric Co Innovation and Excellence in Electrical Supply - Electrician Times","96","In the ever-evolving landscape of electrical supply, Walters Wholesale Electric Co stands out as a beacon of innovation and excellence. For over six…","149","https://electriciantimes.com/walters-wholesale-electric-co-innovation-and-excellence-in-electrical-supply/","index, follow, max-image-preview:large","1"
"https://electriciantimes.com/what-is-a-differential-machine-used-for/","What Is A Differential Machine Used For? - Electrician Times","60","In household electrical engineering, the word “automatic” implies a type of device that automatically turns off the voltage during overloads or a short…","152","https://electriciantimes.com/what-is-a-differential-machine-used-for/","index, follow, max-image-preview:large","1"
"https://electriciantimes.com/what-is-prom-an-in-depth-look-at-programmable-read-only-memory-in-computers/","What is PROM ? An In-Depth Look at Programmable Read-Only Memory in Computers - Electrician Times","97","Memory technology plays a critical role in the complex architecture of modern computer systems. Whether you are a computer science student , a hardware…","152","https://electriciantimes.com/what-is-prom-an-in-depth-look-at-programmable-read-only-memory-in-computers/","index, follow, max-image-preview:large","1"
"https://electriciantimes.com/which-sockets-are-best-to-choose-firm-ratings/","Which sockets are best to choose? Firm ratings - Electrician Times","66","Apartment renovation The very first thing you need to start with overhauling an apartment is the installation of electrical wiring. Upon completion of…","151","https://electriciantimes.com/which-sockets-are-best-to-choose-firm-ratings/","index, follow, max-image-preview:large","1"
"https://electriciantimes.com/why-choose-adt-solar-a-comprehensive-guide/","Why Choose ADT Solar? A Comprehensive Guide - Electrician Times","63","In the realm of renewable energy, ADT Solar has emerged as a leading provider of solar energy solutions. With a strong commitment to quality, customer…","151","https://electriciantimes.com/why-choose-adt-solar-a-comprehensive-guide/","index, follow, max-image-preview:large","1"
"https://electriciantimes.com/why-choose-hooked-up-electric-for-your-electrical-contractor-need/","The Importance of Electrical Contractor in Safety and Design","60","Explore how experienced electrical contractors like Hooked Up Electric bring reliability and safety from homes to businesses across Texas.","138","https://electriciantimes.com/why-choose-hooked-up-electric-for-your-electrical-contractor-need/","index, follow, max-image-preview:large","1"
"https://electriciantimes.com/why-choosing-the-right-electrician-is-crucial-for-a-safe-and-efficient-solar-panel-installation/","Expert Solar Panel Installers","29","Discover why qualified solar panel installers are essential for safe, efficient installation and proper solar panel care and maintenance.","137","https://electriciantimes.com/why-choosing-the-right-electrician-is-crucial-for-a-safe-and-efficient-solar-panel-installation/","index, follow, max-image-preview:large","1"
"https://electriciantimes.com/why-circuit-breaker-keeps-tripping/","Why Your Circuit Breaker Keeps Tripping: 7 Causes - Electrician Times","69","A breaker that keeps tripping is telling you something. The 7 most common causes — from simple overload to short circuits and failing devices — and what to do about each.","170","https://electriciantimes.com/why-circuit-breaker-keeps-tripping/","index, follow, max-image-preview:large","1"
"https://electriciantimes.com/why-does-the-socket-spark-7-reasons-for-sparking/","Why Does The Socket Spark: 7 Reasons For Sparking - Electrician Times","69","A spark is the flow of electric current in a medium of gases or air. It is formed in the gap between electrodes with different potentials. An example…","150","https://electriciantimes.com/why-does-the-socket-spark-7-reasons-for-sparking/","index, follow, max-image-preview:large","1"
"https://electriciantimes.com/why-electricians-are-essential-for-modern-living/","Why Electricians Are Essential for Modern Living - Electrician Times","68","Electricity powers nearly every aspect of our daily lives. From turning on a light switch to charging smartphones, running businesses, or powering…","147","https://electriciantimes.com/why-electricians-are-essential-for-modern-living/","index, follow, max-image-preview:large","1"
"https://electriciantimes.com/why-is-wire-color-coding-used/","Why Is Wire Color Coding Used? - Electrician Times","50","Without wires and cables, the functioning of production, energy, communications and many other industries is impossible. And not a single house or…","147","https://electriciantimes.com/why-is-wire-color-coding-used/","index, follow, max-image-preview:large","1"
"https://electriciantimes.com/why-omnicable-is-the-preferred-choice-for-reliable-connectivity/","Why Omnicable is the Preferred Choice for Reliable Connectivity - Electrician Times","83","In the ever-evolving landscape of connectivity solutions, Omnicable has emerged as a leader in delivering high-quality, reliable cable products. This…","150","https://electriciantimes.com/why-omnicable-is-the-preferred-choice-for-reliable-connectivity/","index, follow, max-image-preview:large","1"
"https://electriciantimes.com/why-your-oven-isnt-heating-properly-what-to-do/","Why Your Oven Isn&#39;t Heating Properly &amp; What to Do  - Electrician Times","78","An oven that doesn't heat properly can be frustrating, especially when your food takes too long or comes out unevenly baked. A malfunctioning oven can…","151","https://electriciantimes.com/why-your-oven-isnt-heating-properly-what-to-do/","index, follow, max-image-preview:large","1"
"https://electriciantimes.com/wiring-installation-in-a-wooden-house-3-popular-schemes/","Wiring installation in a wooden house: 3 popular schemes - Electrician Times","76","Well-dried wood from which the building is constructed can easily ignite. And electricity, which provides all the benefits of civilization, creates a…","150","https://electriciantimes.com/wiring-installation-in-a-wooden-house-3-popular-schemes/","index, follow, max-image-preview:large","1"
"https://electriciantimes.com/write-for-us/","Write for Us - Guest Posts &amp; Sponsored Content - Electrician Times","70","Contribute to Electrician Times — a 100% electrical-niche publication. Guest post guidelines, sponsored content options and rates for businesses in the electrical trade.","169","https://electriciantimes.com/write-for-us/","index, follow, max-image-preview:large","1"