url,http_status,canonical,indexability,in_sitemap,content_type,redirect_target
"https://electriciantimes.com/","200","https://electriciantimes.com/","index","yes","page",""
"https://electriciantimes.com/10-electrical-safety-tips-when-installing-or-maintaining-a-split-system-air-conditioner/","200","https://electriciantimes.com/10-electrical-safety-tips-when-installing-or-maintaining-a-split-system-air-conditioner/","index","yes","post",""
"https://electriciantimes.com/404.html","404","https://electriciantimes.com/404/","noindex","no","404",""
"https://electriciantimes.com/4s0101-chip/","200","https://electriciantimes.com/4s0101-chip/","index","yes","post",""
"https://electriciantimes.com/a-closer-look-at-the-best-klein-tool-bags-on-the-market/","200","https://electriciantimes.com/a-closer-look-at-the-best-klein-tool-bags-on-the-market/","index","yes","post",""
"https://electriciantimes.com/a-closer-look-at-wave-electronics-houston-and-their-top-offerings/","200","https://electriciantimes.com/a-closer-look-at-wave-electronics-houston-and-their-top-offerings/","index","yes","post",""
"https://electriciantimes.com/a-comprehensive-guide-to-installing-protective-grounding/","200","https://electriciantimes.com/a-comprehensive-guide-to-installing-protective-grounding/","index","yes","post",""
"https://electriciantimes.com/a-comprehensive-review-of-service-wire-companys-product-line/","200","https://electriciantimes.com/a-comprehensive-review-of-service-wire-companys-product-line/","index","yes","post",""
"https://electriciantimes.com/about-us/","200","https://electriciantimes.com/about-us/","index","yes","page",""
"https://electriciantimes.com/advanced-materials-in-pcb-manufacturing/","200","https://electriciantimes.com/advanced-materials-in-pcb-manufacturing/","index","yes","post",""
"https://electriciantimes.com/advancing-photovoltaics-defect-characterization-to-new-frontiers-using-ebic-techniques/","200","https://electriciantimes.com/advancing-photovoltaics-defect-characterization-to-new-frontiers-using-ebic-techniques/","index","yes","post",""
"https://electriciantimes.com/aluminum-vs-copper-wiring-differences/","200","https://electriciantimes.com/aluminum-vs-copper-wiring-differences/","index","yes","post",""
"https://electriciantimes.com/author/steven/","200","https://electriciantimes.com/author/steven/","index","yes","author",""
"https://electriciantimes.com/author/steven/page/10/","200","https://electriciantimes.com/author/steven/page/10/","index","yes","author",""
"https://electriciantimes.com/author/steven/page/2/","200","https://electriciantimes.com/author/steven/page/2/","index","yes","author",""
"https://electriciantimes.com/author/steven/page/3/","200","https://electriciantimes.com/author/steven/page/3/","index","yes","author",""
"https://electriciantimes.com/author/steven/page/4/","200","https://electriciantimes.com/author/steven/page/4/","index","yes","author",""
"https://electriciantimes.com/author/steven/page/5/","200","https://electriciantimes.com/author/steven/page/5/","index","yes","author",""
"https://electriciantimes.com/author/steven/page/6/","200","https://electriciantimes.com/author/steven/page/6/","index","yes","author",""
"https://electriciantimes.com/author/steven/page/7/","200","https://electriciantimes.com/author/steven/page/7/","index","yes","author",""
"https://electriciantimes.com/author/steven/page/8/","200","https://electriciantimes.com/author/steven/page/8/","index","yes","author",""
"https://electriciantimes.com/author/steven/page/9/","200","https://electriciantimes.com/author/steven/page/9/","index","yes","author",""
"https://electriciantimes.com/bldc-motor-controllers-key-design-principles-and-challenges/","200","https://electriciantimes.com/bldc-motor-controllers-key-design-principles-and-challenges/","index","yes","post",""
"https://electriciantimes.com/category/blog/","200","https://electriciantimes.com/category/blog/","index","yes","category",""
"https://electriciantimes.com/category/blog/page/2/","200","https://electriciantimes.com/category/blog/page/2/","index","yes","category",""
"https://electriciantimes.com/category/business/","200","https://electriciantimes.com/category/business/","index","yes","category",""
"https://electriciantimes.com/category/cable/","200","https://electriciantimes.com/category/cable/","index","yes","category",""
"https://electriciantimes.com/category/device/","200","https://electriciantimes.com/category/device/","index","yes","category",""
"https://electriciantimes.com/category/electrical/","200","https://electriciantimes.com/category/electrical/","index","yes","category",""
"https://electriciantimes.com/category/electrical/page/2/","200","https://electriciantimes.com/category/electrical/page/2/","index","yes","category",""
"https://electriciantimes.com/category/electrical/page/3/","200","https://electriciantimes.com/category/electrical/page/3/","index","yes","category",""
"https://electriciantimes.com/category/electrical/page/4/","200","https://electriciantimes.com/category/electrical/page/4/","index","yes","category",""
"https://electriciantimes.com/category/electricial-safety/","200","https://electriciantimes.com/category/electricial-safety/","index","yes","category",""
"https://electriciantimes.com/category/installing/","200","https://electriciantimes.com/category/installing/","index","yes","category",""
"https://electriciantimes.com/category/led/","200","https://electriciantimes.com/category/led/","index","yes","category",""
"https://electriciantimes.com/category/lighting/","200","https://electriciantimes.com/category/lighting/","index","yes","category",""
"https://electriciantimes.com/category/loops/","200","https://electriciantimes.com/category/loops/","index","yes","category",""
"https://electriciantimes.com/category/machines/","200","https://electriciantimes.com/category/machines/","index","yes","category",""
"https://electriciantimes.com/category/meters/","200","https://electriciantimes.com/category/meters/","index","yes","category",""
"https://electriciantimes.com/category/power-lines/","200","https://electriciantimes.com/category/power-lines/","index","yes","category",""
"https://electriciantimes.com/category/socket/","200","https://electriciantimes.com/category/socket/","index","yes","category",""
"https://electriciantimes.com/category/uncategorized/","200","https://electriciantimes.com/category/uncategorized/","index","yes","category",""
"https://electriciantimes.com/category/wire/","200","https://electriciantimes.com/category/wire/","index","yes","category",""
"https://electriciantimes.com/category/wiring/","200","https://electriciantimes.com/category/wiring/","index","yes","category",""
"https://electriciantimes.com/choosing-the-right-quick-turn-pcb-assembly-partner-factors-to-consider-for-your-project/","200","https://electriciantimes.com/choosing-the-right-quick-turn-pcb-assembly-partner-factors-to-consider-for-your-project/","index","yes","post",""
"https://electriciantimes.com/commercial-electricians-and-retail-fit-outs-what-really-matters/","200","https://electriciantimes.com/commercial-electricians-and-retail-fit-outs-what-really-matters/","index","yes","post",""
"https://electriciantimes.com/comparison-of-three-best-smart-meters-of-2023/","200","https://electriciantimes.com/comparison-of-three-best-smart-meters-of-2023/","index","yes","post",""
"https://electriciantimes.com/contact-us/","200","https://electriciantimes.com/contact-us/","index","yes","page",""
"https://electriciantimes.com/customer-reviews-and-experiences-with-summit-electric-supply/","200","https://electriciantimes.com/customer-reviews-and-experiences-with-summit-electric-supply/","index","yes","post",""
"https://electriciantimes.com/customer-reviews-real-experiences-with-semper-solaris/","200","https://electriciantimes.com/customer-reviews-real-experiences-with-semper-solaris/","index","yes","post",""
"https://electriciantimes.com/difavtomat-or-uzo-rcd-device-connecting-the-differential/","200","https://electriciantimes.com/difavtomat-or-uzo-rcd-device-connecting-the-differential/","index","yes","post",""
"https://electriciantimes.com/digital-substations-pros-and-cons/","200","https://electriciantimes.com/digital-substations-pros-and-cons/","index","yes","post",""
"https://electriciantimes.com/disclaimer/","200","https://electriciantimes.com/disclaimer/","index","yes","page",""
"https://electriciantimes.com/diy-electric-heated-floor/","200","https://electriciantimes.com/diy-electric-heated-floor/","index","yes","post",""
"https://electriciantimes.com/dmx-lighting-solutions-a-perfect-fit-for-car-washes/","200","https://electriciantimes.com/dmx-lighting-solutions-a-perfect-fit-for-car-washes/","index","yes","post",""
"https://electriciantimes.com/do-it-yourself-grounding-device-in-a-private-house/","200","https://electriciantimes.com/do-it-yourself-grounding-device-in-a-private-house/","index","yes","post",""
"https://electriciantimes.com/earthing-systems-explained-tn-tt-it/","200","https://electriciantimes.com/earthing-systems-explained-tn-tt-it/","index","yes","post",""
"https://electriciantimes.com/editorial-policy/","200","https://electriciantimes.com/editorial-policy/","index","yes","page",""
"https://electriciantimes.com/electric-power-challenges-and-solutions-in-border-states/","200","https://electriciantimes.com/electric-power-challenges-and-solutions-in-border-states/","index","yes","post",""
"https://electriciantimes.com/electrical-safety-in-property-maintenance/","200","https://electriciantimes.com/electrical-safety-in-property-maintenance/","index","yes","post",""
"https://electriciantimes.com/electrical-wire-colors-us-uk-eu-compared/","200","https://electriciantimes.com/electrical-wire-colors-us-uk-eu-compared/","index","yes","post",""
"https://electriciantimes.com/electrician-newcastle-your-trusted-electrical-expert/","200","https://electriciantimes.com/electrician-newcastle-your-trusted-electrical-expert/","index","yes","post",""
"https://electriciantimes.com/electrifying-transformation-a-case-study-in-modernizing-the-skelly-build-tarrytown-home/","200","https://electriciantimes.com/electrifying-transformation-a-case-study-in-modernizing-the-skelly-build-tarrytown-home/","index","yes","post",""
"https://electriciantimes.com/energy-saving-lamp-do-it-yourself-repair/","200","https://electriciantimes.com/energy-saving-lamp-do-it-yourself-repair/","index","yes","post",""
"https://electriciantimes.com/ensuring-safety-and-performance-a-guide-to-genuine-cable-selection/","200","https://electriciantimes.com/ensuring-safety-and-performance-a-guide-to-genuine-cable-selection/","index","yes","post",""
"https://electriciantimes.com/essential-tools-for-apprentice-electricians/","200","https://electriciantimes.com/essential-tools-for-apprentice-electricians/","index","yes","post",""
"https://electriciantimes.com/exploring-kim-lighting-key-advantages-and-solutions-for-modern-illumination/","200","https://electriciantimes.com/exploring-kim-lighting-key-advantages-and-solutions-for-modern-illumination/","index","yes","post",""
"https://electriciantimes.com/exploring-the-best-options-for-world-electric-supply/","200","https://electriciantimes.com/exploring-the-best-options-for-world-electric-supply/","index","yes","post",""
"https://electriciantimes.com/exploring-the-technology-behind-american-power-systems/","200","https://electriciantimes.com/exploring-the-technology-behind-american-power-systems/","index","yes","post",""
"https://electriciantimes.com/extension-cord-safety-guide/","200","https://electriciantimes.com/extension-cord-safety-guide/","index","yes","post",""
"https://electriciantimes.com/fire-safety-of-electrical-installations-why-is-afdd-ineffective/","200","https://electriciantimes.com/fire-safety-of-electrical-installations-why-is-afdd-ineffective/","index","yes","post",""
"https://electriciantimes.com/fpga-vs-asic-understanding-the-differences-and-choosing-the-right-solution/","200","https://electriciantimes.com/fpga-vs-asic-understanding-the-differences-and-choosing-the-right-solution/","index","yes","post",""
"https://electriciantimes.com/hamro-solar-llc/","200","https://electriciantimes.com/hamro-solar-llc/","index","yes","post",""
"https://electriciantimes.com/home-electrical-safety-a-essential-checklist-for-homeowners/","200","https://electriciantimes.com/home-electrical-safety-a-essential-checklist-for-homeowners/","index","yes","post",""
"https://electriciantimes.com/home-electrical-safety-checklist/","200","https://electriciantimes.com/home-electrical-safety-checklist/","index","yes","post",""
"https://electriciantimes.com/how-franklin-submersible-pumps-improve-efficiency-in-agriculture-and-irrigation/","200","https://electriciantimes.com/how-franklin-submersible-pumps-improve-efficiency-in-agriculture-and-irrigation/","index","yes","post",""
"https://electriciantimes.com/how-geelong-electricians-are-adapting-to-sustainable-and-green-energy-solutions/","200","https://electriciantimes.com/how-geelong-electricians-are-adapting-to-sustainable-and-green-energy-solutions/","index","yes","post",""
"https://electriciantimes.com/how-pcb-assembly-drives-efficiency-in-industrial-automation/","200","https://electriciantimes.com/how-pcb-assembly-drives-efficiency-in-industrial-automation/","index","yes","post",""
"https://electriciantimes.com/how-technological-advances-are-revolutionizing-the-electrical-industry/","200","https://electriciantimes.com/how-technological-advances-are-revolutionizing-the-electrical-industry/","index","yes","post",""
"https://electriciantimes.com/how-to-build-the-perfect-deck-an-electricians-guide-to-outdoor-living-spaces/","200","https://electriciantimes.com/how-to-build-the-perfect-deck-an-electricians-guide-to-outdoor-living-spaces/","index","yes","post",""
"https://electriciantimes.com/how-to-calculate-wire-cross-section/","200","https://electriciantimes.com/how-to-calculate-wire-cross-section/","index","yes","post",""
"https://electriciantimes.com/how-to-choose-and-implement-sea-wire-for-optimal-performance/","200","https://electriciantimes.com/how-to-choose-and-implement-sea-wire-for-optimal-performance/","index","yes","post",""
"https://electriciantimes.com/how-to-connect-a-home-electricity-meter/","200","https://electriciantimes.com/how-to-connect-a-home-electricity-meter/","index","yes","post",""
"https://electriciantimes.com/how-to-connect-wires-correctly-to-each-other-7-time-tested-methods/","200","https://electriciantimes.com/how-to-connect-wires-correctly-to-each-other-7-time-tested-methods/","index","yes","post",""
"https://electriciantimes.com/how-to-emigrate-to-australia-as-an-electrician/","200","https://electriciantimes.com/how-to-emigrate-to-australia-as-an-electrician/","index","yes","post",""
"https://electriciantimes.com/how-to-market-your-electrical-service-business-effectively/","200","https://electriciantimes.com/how-to-market-your-electrical-service-business-effectively/","index","yes","post",""
"https://electriciantimes.com/how-to-read-your-electricity-meter/","200","https://electriciantimes.com/how-to-read-your-electricity-meter/","index","yes","post",""
"https://electriciantimes.com/how-to-repair-an-led-flood-light-a-simple-and-easy-guide/","200","https://electriciantimes.com/how-to-repair-an-led-flood-light-a-simple-and-easy-guide/","index","yes","post",""
"https://electriciantimes.com/how-to-save-energy-at-home-with-energy-efficiency-solutions/","200","https://electriciantimes.com/how-to-save-energy-at-home-with-energy-efficiency-solutions/","index","yes","post",""
"https://electriciantimes.com/hs-classification-of-electrical-cables-what-you-need-to-know/","200","https://electriciantimes.com/hs-classification-of-electrical-cables-what-you-need-to-know/","index","yes","post",""
"https://electriciantimes.com/industrial-automation-market-forecast-for-the-next-5-years-key-drivers-and-opportunities/","200","https://electriciantimes.com/industrial-automation-market-forecast-for-the-next-5-years-key-drivers-and-opportunities/","index","yes","post",""
"https://electriciantimes.com/innovative-electrical-solutions-by-all-phase-electric/","200","https://electriciantimes.com/innovative-electrical-solutions-by-all-phase-electric/","index","yes","post",""
"https://electriciantimes.com/installation-tips-for-light-pole-base-anchor-bolts/","200","https://electriciantimes.com/installation-tips-for-light-pole-base-anchor-bolts/","index","yes","post",""
"https://electriciantimes.com/interlux-lighting-brightening-your-home-with-style-and-efficiency/","200","https://electriciantimes.com/interlux-lighting-brightening-your-home-with-style-and-efficiency/","index","yes","post",""
"https://electriciantimes.com/introduction-to-different-types-of-electronic-connectors/","200","https://electriciantimes.com/introduction-to-different-types-of-electronic-connectors/","index","yes","post",""
"https://electriciantimes.com/key-considerations-when-choosing-pcb-fabrication-manufacturer-for-your-project/","200","https://electriciantimes.com/key-considerations-when-choosing-pcb-fabrication-manufacturer-for-your-project/","index","yes","post",""
"https://electriciantimes.com/kitchen-renovation-mistakes-that-could-spark-electrical-trouble/","200","https://electriciantimes.com/kitchen-renovation-mistakes-that-could-spark-electrical-trouble/","index","yes","post",""
"https://electriciantimes.com/led-garland-do-it-yourself/","200","https://electriciantimes.com/led-garland-do-it-yourself/","index","yes","post",""
"https://electriciantimes.com/led-lights-flickering-causes-fixes/","200","https://electriciantimes.com/led-lights-flickering-causes-fixes/","index","yes","post",""
"https://electriciantimes.com/led-rain-garland-types-and-installation-features/","200","https://electriciantimes.com/led-rain-garland-types-and-installation-features/","index","yes","post",""
"https://electriciantimes.com/level-2-asp-in-sydney-what-they-can-do-and-when-you-actually-need-one/","200","https://electriciantimes.com/level-2-asp-in-sydney-what-they-can-do-and-when-you-actually-need-one/","index","yes","post",""
"https://electriciantimes.com/licensed-electricians-for-renovation-safety/","200","https://electriciantimes.com/licensed-electricians-for-renovation-safety/","index","yes","post",""
"https://electriciantimes.com/maximize-efficiency-with-ideal-electrical-tools/","200","https://electriciantimes.com/maximize-efficiency-with-ideal-electrical-tools/","index","yes","post",""
"https://electriciantimes.com/maximizing-energy-efficiency-in-your-bathroom-a-guide-for-eco-friendly-upgrades/","200","https://electriciantimes.com/maximizing-energy-efficiency-in-your-bathroom-a-guide-for-eco-friendly-upgrades/","index","yes","post",""
"https://electriciantimes.com/mc-cable-a-practical-guide-to-its-features-and-installation/","200","https://electriciantimes.com/mc-cable-a-practical-guide-to-its-features-and-installation/","index","yes","post",""
"https://electriciantimes.com/membrane-switch-essentials-top-8-design-insights/","200","https://electriciantimes.com/membrane-switch-essentials-top-8-design-insights/","index","yes","post",""
"https://electriciantimes.com/navigating-the-licensing-process-in-canada-as-a-foreign-trained-electrician/","200","https://electriciantimes.com/navigating-the-licensing-process-in-canada-as-a-foreign-trained-electrician/","index","yes","post",""
"https://electriciantimes.com/new-orleans-electrician-services-and-their-importance-in-modern-infrastructure/","200","https://electriciantimes.com/new-orleans-electrician-services-and-their-importance-in-modern-infrastructure/","index","yes","post",""
"https://electriciantimes.com/new-orleans-electrician-services-for-residential-and-commercial-needs/","200","https://electriciantimes.com/new-orleans-electrician-services-for-residential-and-commercial-needs/","index","yes","post",""
"https://electriciantimes.com/planning-the-electrical-wiring-of-a-country-house/","200","https://electriciantimes.com/planning-the-electrical-wiring-of-a-country-house/","index","yes","post",""
"https://electriciantimes.com/powering-up-your-home-10-electrical-projects-that-make-a-big-impact/","200","https://electriciantimes.com/powering-up-your-home-10-electrical-projects-that-make-a-big-impact/","index","yes","post",""
"https://electriciantimes.com/privacy-policy/","200","https://electriciantimes.com/privacy-policy/","index","yes","page",""
"https://electriciantimes.com/rcd-vs-rcbo-vs-gfci-differences/","200","https://electriciantimes.com/rcd-vs-rcbo-vs-gfci-differences/","index","yes","post",""
"https://electriciantimes.com/refinement-of-led-lamp-circuits/","200","https://electriciantimes.com/refinement-of-led-lamp-circuits/","index","yes","post",""
"https://electriciantimes.com/review-of-pue-standards-for-grounding-loop/","200","https://electriciantimes.com/review-of-pue-standards-for-grounding-loop/","index","yes","post",""
"https://electriciantimes.com/search/","200","https://electriciantimes.com/search/","noindex","no","page",""
"https://electriciantimes.com/security-zones-of-power-lines-and-rules-for-staying-in-them/","200","https://electriciantimes.com/security-zones-of-power-lines-and-rules-for-staying-in-them/","index","yes","post",""
"https://electriciantimes.com/sitemap/","200","https://electriciantimes.com/sitemap/","index","yes","page",""
"https://electriciantimes.com/storm-season-in-melbourne-why-wiring-checks-and-emergency-electrical-support-matter/","200","https://electriciantimes.com/storm-season-in-melbourne-why-wiring-checks-and-emergency-electrical-support-matter/","index","yes","post",""
"https://electriciantimes.com/sustainable-solutions-in-electrical-design-and-implementation/","200","https://electriciantimes.com/sustainable-solutions-in-electrical-design-and-implementation/","index","yes","post",""
"https://electriciantimes.com/terminal-blocks-for-connecting-wires-their-types-and-scope-of-application/","200","https://electriciantimes.com/terminal-blocks-for-connecting-wires-their-types-and-scope-of-application/","index","yes","post",""
"https://electriciantimes.com/terms-and-conditions/","200","https://electriciantimes.com/terms-and-conditions/","index","yes","page",""
"https://electriciantimes.com/the-benefits-of-choosing-gordon-electric-supply-for-your-projects/","200","https://electriciantimes.com/the-benefits-of-choosing-gordon-electric-supply-for-your-projects/","index","yes","post",""
"https://electriciantimes.com/the-benefits-of-upgrading-to-above-all-lighting-systems/","200","https://electriciantimes.com/the-benefits-of-upgrading-to-above-all-lighting-systems/","index","yes","post",""
"https://electriciantimes.com/the-benefits-of-working-with-a-professional-solar-panel-electrician/","200","https://electriciantimes.com/the-benefits-of-working-with-a-professional-solar-panel-electrician/","index","yes","post",""
"https://electriciantimes.com/the-evolution-of-access-control-systems-for-homes-and-businesses/","200","https://electriciantimes.com/the-evolution-of-access-control-systems-for-homes-and-businesses/","index","yes","post",""
"https://electriciantimes.com/the-importance-of-solar-panel-repairs-and-lighting-services-for-your-home-in-new-jersey/","200","https://electriciantimes.com/the-importance-of-solar-panel-repairs-and-lighting-services-for-your-home-in-new-jersey/","index","yes","post",""
"https://electriciantimes.com/the-key-tools-every-modern-electrician-should-know/","200","https://electriciantimes.com/the-key-tools-every-modern-electrician-should-know/","index","yes","post",""
"https://electriciantimes.com/the-lifespan-of-solar-panels-how-long-do-they-last/","200","https://electriciantimes.com/the-lifespan-of-solar-panels-how-long-do-they-last/","index","yes","post",""
"https://electriciantimes.com/the-power-grids-virtual-future/","200","https://electriciantimes.com/the-power-grids-virtual-future/","index","yes","post",""
"https://electriciantimes.com/the-role-of-independent-electric-supply-in-sustainable-energy-practices/","200","https://electriciantimes.com/the-role-of-independent-electric-supply-in-sustainable-energy-practices/","index","yes","post",""
"https://electriciantimes.com/the-role-of-iot-in-modern-electrical-systems/","200","https://electriciantimes.com/the-role-of-iot-in-modern-electrical-systems/","index","yes","post",""
"https://electriciantimes.com/the-role-of-semiconductors-in-modern-electrical-systems-innovations-and-trends/","200","https://electriciantimes.com/the-role-of-semiconductors-in-modern-electrical-systems-innovations-and-trends/","index","yes","post",""
"https://electriciantimes.com/the-top-7-electrical-upgrades-to-boost-your-homes-value-in-2024/","200","https://electriciantimes.com/the-top-7-electrical-upgrades-to-boost-your-homes-value-in-2024/","index","yes","post",""
"https://electriciantimes.com/trusted-electrician-solutions-your-partner-in-reliable-electrical-services/","200","https://electriciantimes.com/trusted-electrician-solutions-your-partner-in-reliable-electrical-services/","index","yes","post",""
"https://electriciantimes.com/ul-certification-the-complete-guide-on-the-ul-labels/","200","https://electriciantimes.com/ul-certification-the-complete-guide-on-the-ul-labels/","index","yes","post",""
"https://electriciantimes.com/understanding-circuit-breakers-types-and-functions/","200","https://electriciantimes.com/understanding-circuit-breakers-types-and-functions/","index","yes","post",""
"https://electriciantimes.com/walters-wholesale-electric-co-innovation-and-excellence-in-electrical-supply/","200","https://electriciantimes.com/walters-wholesale-electric-co-innovation-and-excellence-in-electrical-supply/","index","yes","post",""
"https://electriciantimes.com/what-is-a-differential-machine-used-for/","200","https://electriciantimes.com/what-is-a-differential-machine-used-for/","index","yes","post",""
"https://electriciantimes.com/what-is-prom-an-in-depth-look-at-programmable-read-only-memory-in-computers/","200","https://electriciantimes.com/what-is-prom-an-in-depth-look-at-programmable-read-only-memory-in-computers/","index","yes","post",""
"https://electriciantimes.com/which-sockets-are-best-to-choose-firm-ratings/","200","https://electriciantimes.com/which-sockets-are-best-to-choose-firm-ratings/","index","yes","post",""
"https://electriciantimes.com/why-choose-adt-solar-a-comprehensive-guide/","200","https://electriciantimes.com/why-choose-adt-solar-a-comprehensive-guide/","index","yes","post",""
"https://electriciantimes.com/why-choose-hooked-up-electric-for-your-electrical-contractor-need/","200","https://electriciantimes.com/why-choose-hooked-up-electric-for-your-electrical-contractor-need/","index","yes","post",""
"https://electriciantimes.com/why-choosing-the-right-electrician-is-crucial-for-a-safe-and-efficient-solar-panel-installation/","200","https://electriciantimes.com/why-choosing-the-right-electrician-is-crucial-for-a-safe-and-efficient-solar-panel-installation/","index","yes","post",""
"https://electriciantimes.com/why-circuit-breaker-keeps-tripping/","200","https://electriciantimes.com/why-circuit-breaker-keeps-tripping/","index","yes","post",""
"https://electriciantimes.com/why-does-the-socket-spark-7-reasons-for-sparking/","200","https://electriciantimes.com/why-does-the-socket-spark-7-reasons-for-sparking/","index","yes","post",""
"https://electriciantimes.com/why-electricians-are-essential-for-modern-living/","200","https://electriciantimes.com/why-electricians-are-essential-for-modern-living/","index","yes","post",""
"https://electriciantimes.com/why-is-wire-color-coding-used/","200","https://electriciantimes.com/why-is-wire-color-coding-used/","index","yes","post",""
"https://electriciantimes.com/why-omnicable-is-the-preferred-choice-for-reliable-connectivity/","200","https://electriciantimes.com/why-omnicable-is-the-preferred-choice-for-reliable-connectivity/","index","yes","post",""
"https://electriciantimes.com/why-your-oven-isnt-heating-properly-what-to-do/","200","https://electriciantimes.com/why-your-oven-isnt-heating-properly-what-to-do/","index","yes","post",""
"https://electriciantimes.com/wiring-installation-in-a-wooden-house-3-popular-schemes/","200","https://electriciantimes.com/wiring-installation-in-a-wooden-house-3-popular-schemes/","index","yes","post",""
"https://electriciantimes.com/write-for-us/","200","https://electriciantimes.com/write-for-us/","index","yes","page",""